Data Set 1:Time(s),Data Set 1:Illuminance(lux),Data Set 1:615 nm,Data Set 1:525 nm,Data Set 1:465 nm,Data Set 2:Time(s),Data Set 2:Illuminance(lux),Data Set 2:615 nm,Data Set 2:525 nm,Data Set 2:465 nm,Data Set 3:Time(s),Data Set 3:Illuminance(lux),Data Set 3:615 nm,Data Set 3:525 nm,Data Set 3:465 nm,Data Set 4:Time(s),Data Set 4:Illuminance(lux),Data Set 4:615 nm,Data Set 4:525 nm,Data Set 4:465 nm,Data Set 5:Time(s),Data Set 5:Illuminance(lux),Data Set 5:615 nm,Data Set 5:525 nm,Data Set 5:465 nm,Data Set 6:Time(s),Data Set 6:Illuminance(lux),Data Set 6:615 nm,Data Set 6:525 nm,Data Set 6:465 nm,Data Set 7:Time(s),Data Set 7:Illuminance(lux),Data Set 7:615 nm,Data Set 7:525 nm,Data Set 7:465 nm
0.00,43.8,,,,0.00,,8.953220,8.192676,3.348713,0.00,,10.113822,7.562469,4.092870,0.00,,37.305084,34.661320,33.487125,0.00,,27.688663,36.131802,36.091682,0.00,,16.414236,32.350563,47.998211,0.00,,12.269227,24.998163,36.835835
1.00,46.9,,,,0.05,,8.953220,8.192676,3.348713,1.00,,10.942824,8.612813,4.092870,1.00,,36.973480,35.291523,34.603359,1.00,,26.030659,35.081459,34.231285,1.00,,16.082638,32.980774,49.114452,0.05,,12.269227,24.998163,36.835835
2.00,20.3,,,,0.10,,8.787420,7.982607,4.837030,2.00,,14.922033,18.906174,14.883166,2.00,,40.289490,38.442554,36.463753,2.00,,28.186062,34.661320,35.347519,2.00,,8.455819,19.116243,28.278017,0.10,,12.600829,25.418303,37.579998
3.00,21.1,,,,0.15,,8.787420,7.982607,4.837030,3.00,,48.082108,43.064064,35.347519,3.00,,15.916836,22.267273,24.557226,3.00,,12.103427,16.385351,19.720196,3.00,,0.000000,1.050343,1.860396,0.15,,12.600829,25.418303,37.579998
4.00,43.2,,,,0.20,,8.455818,7.562469,4.092870,4.00,,40.952694,45.584888,37.952076,4.00,,12.435028,16.805489,20.464354,4.00,,12.103427,16.385351,19.720196,4.00,,0.000000,0.630206,1.116238,0.20,,12.103427,23.737753,36.463757
5.00,26.3,,,,0.25,,8.455818,7.562469,4.092870,5.00,,40.289490,44.744614,36.463753,5.00,,12.766628,16.175282,19.348116,5.00,,12.435028,16.805489,20.464354,5.00,,0.000000,0.630206,1.116238,0.25,,12.103427,23.737753,36.463757
6.00,21.1,,,,0.30,,7.792617,7.772538,4.464949,6.00,,14.590433,13.234323,8.557821,6.00,,12.103427,16.385351,19.720196,6.00,,12.766628,16.175282,19.348116,6.00,,0.000000,0.630206,1.116238,0.30,,2.155405,3.781235,4.837029
7.00,28.2,,,,0.35,,7.792617,7.772538,4.464949,7.00,,15.087834,13.864529,7.813664,7.00,,12.435028,16.805489,20.464354,7.00,,12.103427,16.385351,19.720196,7.00,,0.165800,0.210069,2.232475,0.35,,2.155405,3.781235,4.837029
8.00,63.0,,,,0.40,,8.787420,7.982607,4.837030,8.00,,15.087834,13.864529,7.813664,8.00,,12.103427,16.385351,19.720196,8.00,,13.098228,16.595419,20.092274,8.00,,0.000000,0.420137,6.325346,0.40,,7.626817,12.814185,18.976036
9.00,63.4,,,,0.45,,8.787420,7.982607,4.837030,9.00,,12.932429,19.536381,15.999405,9.00,,12.103427,16.385351,19.720196,9.00,,12.932429,16.385351,21.580591,9.00,,0.000000,1.260412,11.534453,0.45,,7.626817,12.814185,18.976036
10.00,226.9,,,,0.50,,8.290018,8.402744,3.720792,10.00,,6.632015,12.604116,11.162374,10.00,,11.606026,15.755146,20.464354,10.00,,12.435028,16.805489,20.464354,10.00,,0.000000,1.890618,20.092276,0.50,,10.113823,20.166588,30.138412
11.00,215.0,,,,0.55,,8.290018,8.402744,3.720792,11.00,,4.642411,6.932264,8.557821,11.00,,12.103427,16.385351,19.720196,11.00,,11.606026,15.755146,20.464354,11.00,,0.000000,2.520823,26.789700,0.55,,10.113823,20.166588,30.138412
12.00,56.1,,,,0.60,,7.792617,7.772538,4.464949,12.00,,1.823804,2.310755,2.232475,12.00,,12.103427,16.385351,19.720196,12.00,,12.103427,16.385351,19.720196,12.00,,0.000000,3.361098,28.278015,0.60,,9.616422,20.586723,29.022175
13.00,47.9,,,,0.65,,7.792617,7.772538,4.464949,13.00,,11.606026,19.956518,16.743563,13.00,,12.435028,16.805489,20.464354,13.00,,12.269227,15.545076,20.092274,13.00,,0.000000,4.831578,30.882570,0.65,,9.616422,20.586723,29.022175
14.00,17.5,,,,0.70,,8.290018,8.402744,3.720792,14.00,,0.000000,0.000000,0.000000,14.00,,12.435028,16.805489,20.464354,14.00,,12.103427,16.385351,19.720196,14.00,,0.000000,5.671852,34.231281,0.70,,7.295216,16.595419,14.511086
15.00,41.6,,,,0.75,,8.290018,8.402744,3.720792,15.00,,4.808211,6.091990,5.209108,15.00,,13.098228,16.595419,20.092274,15.00,,12.103427,16.385351,19.720196,15.00,,0.000000,5.461783,35.719601,0.75,,7.295216,16.595419,14.511086
16.00,57.1,,,,0.80,,8.787420,7.982607,4.837030,16.00,,2.984406,5.881921,6.697425,16.00,,13.098228,16.595419,20.092274,16.00,,11.440225,16.595419,20.092274,16.00,,0.000000,9.243019,36.835835,0.80,,1.492203,5.041647,7.069504
17.00,70.6,,,,0.85,,8.787420,7.982607,4.837030,17.00,,2.984406,5.881921,6.697425,17.00,,13.098228,16.595419,20.092274,17.00,,12.103427,16.385351,19.720196,17.00,,0.000000,21.216930,37.579998,0.85,,1.492203,5.041647,7.069504
18.00,34.4,,,,0.90,,8.455818,7.562469,4.092870,18.00,,2.321205,5.041647,8.929900,18.00,,12.435028,16.805489,20.464354,18.00,,12.600829,18.065901,20.836433,18.00,,0.000000,34.451252,40.556625,0.90,,0.663201,0.840274,1.488317
19.00,50.1,,,,0.95,,8.455818,7.562469,4.092870,19.00,,20.559244,22.897478,21.952669,19.00,,12.435028,16.805489,20.464354,19.00,,12.600829,17.015558,18.976038,19.00,,0.000000,35.081459,34.231281,0.95,,0.663201,0.840274,1.488317
20.00,39.2,,,,1.00,,7.792617,7.772538,4.464949,20.00,,18.569641,22.477341,21.208511,20.00,,12.103427,16.385351,19.720196,20.00,,12.766628,16.175282,19.348116,20.00,,17.077438,10.083294,4.837030,1.00,,0.165800,1.260412,0.372079
21.00,38.2,,,,1.05,,7.792617,7.772538,4.464949,21.00,,19.232843,22.267273,20.836433,21.00,,12.103427,16.385351,19.720196,21.00,,12.766628,16.175282,19.348116,21.00,,17.740639,9.873224,4.464949,1.05,,0.165800,1.260412,0.372079
22.00,38.6,,,,1.10,,8.787420,7.982607,4.837030,22.00,,34.154877,31.720360,30.138412,22.00,,11.606026,15.755146,20.464354,22.00,,12.600829,17.015558,18.976038,22.00,,17.740639,9.873224,4.464949,1.10,,0.331601,0.420137,0.744158
23.00,40.0,,,,1.15,,8.787420,7.982607,4.837030,23.00,,41.450092,45.164749,46.509895,23.00,,11.606026,15.755146,20.464354,23.00,,13.098228,16.595419,20.092274,23.00,,13.264030,8.402744,3.720792,1.15,,0.331601,0.420137,0.744158
24.00,39.8,,,,1.20,,8.290018,8.402744,3.720792,24.00,,40.123692,44.534546,45.393661,24.00,,11.606026,15.755146,20.464354,24.00,,13.098228,16.595419,20.092274,24.00,,8.953220,5.041647,1.488317,1.20,,0.000000,0.630206,1.116238
25.00,39.4,,,,1.25,,8.290018,8.402744,3.720792,25.00,,39.294689,43.484203,45.393661,25.00,,12.103427,16.385351,19.720196,25.00,,13.098228,16.595419,20.092274,25.00,,6.797815,3.361098,0.372079,1.25,,0.000000,0.630206,1.116238
26.00,39.6,,,,1.30,,7.792617,7.772538,4.464949,26.00,,1.160603,2.520823,2.604554,26.00,,12.103427,16.385351,19.720196,26.00,,13.429831,17.015558,20.836433,26.00,,12.269227,3.991304,0.000000,1.30,,0.000000,0.630206,1.116238
27.00,39.8,,,,1.35,,7.792617,7.772538,4.464949,27.00,,40.455288,54.407768,44.277420,27.00,,12.766628,16.175282,19.348116,27.00,,13.429831,17.015558,20.836433,27.00,,17.409039,4.201372,0.000000,1.35,,0.000000,0.630206,1.116238
28.00,39.8,,,,1.40,,8.290018,8.402744,3.720792,28.00,,35.647079,36.762005,33.487125,28.00,,12.435028,16.805489,20.464354,28.00,,13.429831,17.015558,20.836433,28.00,,14.258832,3.361098,0.000000,1.40,,0.000000,0.630206,1.116238
29.00,39.8,,,,1.45,,8.290018,8.402744,3.720792,29.00,,36.807682,36.131802,34.231285,29.00,,12.435028,16.805489,20.464354,29.00,,13.098228,16.595419,20.092274,29.00,,8.621619,2.520823,0.744159,1.45,,0.000000,0.630206,1.116238
30.00,41.0,,,,1.50,,8.787420,7.982607,4.837030,30.00,,23.709452,28.989466,23.440985,30.00,,13.098228,16.595419,20.092274,30.00,,13.098228,16.595419,20.092274,30.00,,6.963615,2.520823,0.744159,1.50,,0.000000,0.630206,1.116238
31.00,40.6,,,,1.55,,8.787420,7.982607,4.837030,,,,,,31.00,,12.435028,16.805489,20.464354,31.00,,13.761431,16.385351,19.720196,31.00,,6.963615,0.000000,0.000000,1.55,,0.000000,0.630206,1.116238
32.00,41.4,,,,1.60,,7.792617,7.772538,4.464949,,,,,,32.00,,12.435028,16.805489,20.464354,32.00,,13.098228,16.595419,20.092274,32.00,,6.963615,0.000000,0.000000,1.60,,0.000000,0.630206,1.116238
33.00,40.8,,,,1.65,,7.792617,7.772538,4.464949,,,,,,33.00,,12.435028,16.805489,20.464354,33.00,,13.098228,16.595419,20.092274,33.00,,5.637213,0.000000,0.000000,1.65,,0.000000,0.630206,1.116238
34.00,36.2,,,,1.70,,8.455818,7.562469,4.092870,,,,,,34.00,,12.435028,16.805489,20.464354,34.00,,13.264030,17.855831,20.464354,34.00,,4.974011,0.000000,0.000000,1.70,,0.000000,0.630206,1.116238
35.00,36.6,,,,1.75,,8.455818,7.562469,4.092870,,,,,,35.00,,12.435028,16.805489,20.464354,35.00,,13.098228,16.595419,20.092274,35.00,,4.310810,0.210069,0.372079,1.75,,0.000000,0.630206,1.116238
36.00,36.6,,,,1.80,,8.787420,7.982607,4.837030,,,,,,36.00,,12.435028,16.805489,20.464354,36.00,,12.435028,16.805489,20.464354,36.00,,0.331601,0.420137,0.744158,1.80,,0.000000,0.630206,1.116238
37.00,36.6,,,,1.85,,8.787420,7.982607,4.837030,,,,,,37.00,,12.103427,16.385351,19.720196,37.00,,13.098228,16.595419,20.092274,37.00,,0.000000,0.630206,1.116238,1.85,,0.000000,0.630206,1.116238
,,,,,1.90,,8.455818,7.562469,4.092870,,,,,,38.00,,12.103427,16.385351,19.720196,38.00,,45.595100,52.517151,42.789104,38.00,,0.331601,0.420137,0.744158,1.90,,0.000000,0.630206,1.116238
,,,,,1.95,,8.455818,7.562469,4.092870,,,,,,39.00,,45.760902,40.123104,33.859203,,,,,,39.00,,7.958418,10.083294,10.418217,1.95,,0.000000,0.630206,1.116238
,,,,,2.00,,7.792617,7.772538,4.464949,,,,,,40.00,,14.424632,13.024253,6.325345,,,,,,40.00,,7.958418,9.032950,8.557821,2.00,,0.000000,0.630206,1.116238
,,,,,2.05,,7.792617,7.772538,4.464949,,,,,,,,,,,,,,,,,,,,,2.05,,0.000000,0.630206,1.116238
,,,,,2.10,,8.953220,8.192676,3.348713,,,,,,,,,,,,,,,,,,,,,2.10,,0.000000,0.630206,1.116238
,,,,,2.15,,8.953220,8.192676,3.348713,,,,,,,,,,,,,,,,,,,,,2.15,,0.000000,0.630206,1.116238
,,,,,2.20,,8.787420,7.982607,4.837030,,,,,,,,,,,,,,,,,,,,,2.20,,0.000000,0.630206,1.116238
,,,,,2.25,,8.787420,7.982607,4.837030,,,,,,,,,,,,,,,,,,,,,2.25,,0.000000,0.630206,1.116238
,,,,,2.30,,7.792617,7.772538,4.464949,,,,,,,,,,,,,,,,,,,,,2.30,,0.000000,0.630206,1.116238
,,,,,2.35,,7.792617,7.772538,4.464949,,,,,,,,,,,,,,,,,,,,,2.35,,0.000000,0.630206,1.116238
,,,,,2.40,,8.455818,7.562469,4.092870,,,,,,,,,,,,,,,,,,,,,2.40,,0.000000,0.630206,1.116238
,,,,,2.45,,8.455818,7.562469,4.092870,,,,,,,,,,,,,,,,,,,,,2.45,,0.000000,0.630206,1.116238
,,,,,2.50,,8.787420,7.982607,4.837030,,,,,,,,,,,,,,,,,,,,,2.50,,0.000000,0.630206,1.116238
,,,,,2.55,,8.787420,7.982607,4.837030,,,,,,,,,,,,,,,,,,,,,2.55,,0.000000,0.630206,1.116238
,,,,,2.60,,8.455818,7.562469,4.092870,,,,,,,,,,,,,,,,,,,,,2.60,,0.000000,0.630206,1.116238
,,,,,2.65,,8.455818,7.562469,4.092870,,,,,,,,,,,,,,,,,,,,,2.65,,0.000000,0.630206,1.116238
,,,,,2.70,,8.455818,7.562469,4.092870,,,,,,,,,,,,,,,,,,,,,2.70,,0.000000,0.630206,1.116238
,,,,,2.75,,8.455818,7.562469,4.092870,,,,,,,,,,,,,,,,,,,,,2.75,,0.000000,0.630206,1.116238
,,,,,2.80,,8.787420,7.982607,4.837030,,,,,,,,,,,,,,,,,,,,,2.80,,0.000000,0.630206,1.116238
,,,,,2.85,,8.787420,7.982607,4.837030,,,,,,,,,,,,,,,,,,,,,2.85,,0.000000,0.630206,1.116238
,,,,,2.90,,8.290018,8.402744,3.720792,,,,,,,,,,,,,,,,,,,,,2.90,,0.000000,0.630206,1.116238
,,,,,2.95,,8.290018,8.402744,3.720792,,,,,,,,,,,,,,,,,,,,,2.95,,0.000000,0.630206,1.116238
,,,,,3.00,,7.792617,7.772538,4.464949,,,,,,,,,,,,,,,,,,,,,3.00,,0.000000,0.630206,1.116238
,,,,,3.05,,7.792617,7.772538,4.464949,,,,,,,,,,,,,,,,,,,,,3.05,,0.000000,0.630206,1.116238
,,,,,3.10,,8.290018,8.402744,3.720792,,,,,,,,,,,,,,,,,,,,,3.10,,0.000000,0.630206,1.116238
,,,,,3.15,,8.290018,8.402744,3.720792,,,,,,,,,,,,,,,,,,,,,3.15,,0.000000,0.630206,1.116238
,,,,,3.20,,8.787420,7.982607,4.837030,,,,,,,,,,,,,,,,,,,,,3.20,,0.000000,0.630206,1.116238
,,,,,3.25,,8.787420,7.982607,4.837030,,,,,,,,,,,,,,,,,,,,,3.25,,0.000000,0.630206,1.116238
,,,,,3.30,,8.455818,7.562469,4.092870,,,,,,,,,,,,,,,,,,,,,3.30,,0.000000,0.630206,1.116238
,,,,,3.35,,8.455818,7.562469,4.092870,,,,,,,,,,,,,,,,,,,,,3.35,,0.000000,0.630206,1.116238
,,,,,3.40,,8.455818,7.562469,4.092870,,,,,,,,,,,,,,,,,,,,,3.40,,0.000000,0.630206,1.116238
,,,,,3.45,,8.455818,7.562469,4.092870,,,,,,,,,,,,,,,,,,,,,3.45,,0.000000,0.630206,1.116238
,,,,,3.50,,8.787420,7.982607,4.837030,,,,,,,,,,,,,,,,,,,,,3.50,,0.000000,0.630206,1.116238
,,,,,3.55,,8.787420,7.982607,4.837030,,,,,,,,,,,,,,,,,,,,,3.55,,0.000000,0.630206,1.116238
,,,,,3.60,,8.290018,8.402744,3.720792,,,,,,,,,,,,,,,,,,,,,3.60,,0.000000,0.630206,1.116238
,,,,,3.65,,8.290018,8.402744,3.720792,,,,,,,,,,,,,,,,,,,,,3.65,,0.000000,0.630206,1.116238
,,,,,3.70,,7.792617,7.772538,4.464949,,,,,,,,,,,,,,,,,,,,,3.70,,0.000000,0.630206,1.116238
,,,,,3.75,,7.792617,7.772538,4.464949,,,,,,,,,,,,,,,,,,,,,3.75,,0.000000,0.630206,1.116238
,,,,,3.80,,8.787420,7.982607,4.837030,,,,,,,,,,,,,,,,,,,,,3.80,,0.000000,0.630206,1.116238
,,,,,3.85,,8.787420,7.982607,4.837030,,,,,,,,,,,,,,,,,,,,,3.85,,0.000000,0.630206,1.116238
,,,,,3.90,,8.953220,8.192676,3.348713,,,,,,,,,,,,,,,,,,,,,3.90,,0.000000,0.630206,1.116238
,,,,,3.95,,8.953220,8.192676,3.348713,,,,,,,,,,,,,,,,,,,,,3.95,,0.000000,0.630206,1.116238
,,,,,4.00,,7.792617,7.772538,4.464949,,,,,,,,,,,,,,,,,,,,,4.00,,0.000000,0.630206,1.116238
,,,,,4.05,,7.792617,7.772538,4.464949,,,,,,,,,,,,,,,,,,,,,4.05,,0.000000,0.630206,1.116238
,,,,,4.10,,8.455818,7.562469,4.092870,,,,,,,,,,,,,,,,,,,,,4.10,,0.000000,0.630206,1.116238
,,,,,4.15,,8.455818,7.562469,4.092870,,,,,,,,,,,,,,,,,,,,,4.15,,0.000000,0.630206,1.116238
,,,,,4.20,,8.787420,7.982607,4.837030,,,,,,,,,,,,,,,,,,,,,4.20,,0.000000,0.630206,1.116238
,,,,,4.25,,8.787420,7.982607,4.837030,,,,,,,,,,,,,,,,,,,,,4.25,,0.000000,0.630206,1.116238
,,,,,4.30,,8.455818,7.562469,4.092870,,,,,,,,,,,,,,,,,,,,,4.30,,0.000000,0.630206,1.116238
,,,,,4.35,,8.455818,7.562469,4.092870,,,,,,,,,,,,,,,,,,,,,4.35,,0.000000,0.630206,1.116238
,,,,,4.40,,7.792617,7.772538,4.464949,,,,,,,,,,,,,,,,,,,,,4.40,,0.000000,0.630206,1.116238
,,,,,4.45,,7.792617,7.772538,4.464949,,,,,,,,,,,,,,,,,,,,,4.45,,0.000000,0.630206,1.116238
,,,,,4.50,,8.787420,7.982607,4.837030,,,,,,,,,,,,,,,,,,,,,4.50,,0.000000,0.630206,1.116238
,,,,,4.55,,8.787420,7.982607,4.837030,,,,,,,,,,,,,,,,,,,,,4.55,,0.000000,0.630206,1.116238
,,,,,4.60,,8.290018,8.402744,3.720792,,,,,,,,,,,,,,,,,,,,,4.60,,0.000000,0.630206,1.116238
,,,,,4.65,,8.290018,8.402744,3.720792,,,,,,,,,,,,,,,,,,,,,4.65,,0.000000,0.630206,1.116238
,,,,,4.70,,7.792617,7.772538,4.464949,,,,,,,,,,,,,,,,,,,,,4.70,,0.000000,0.630206,1.116238
,,,,,4.75,,7.792617,7.772538,4.464949,,,,,,,,,,,,,,,,,,,,,4.75,,0.000000,0.630206,1.116238
,,,,,4.80,,8.621619,7.772538,2.604553,,,,,,,,,,,,,,,,,,,,,4.80,,0.165800,0.210069,2.232475
,,,,,4.85,,8.621619,7.772538,2.604553,,,,,,,,,,,,,,,,,,,,,4.85,,0.165800,0.210069,2.232475
,,,,,4.90,,8.787420,6.932264,2.976634,,,,,,,,,,,,,,,,,,,,,4.90,,0.165800,0.210069,2.232475
,,,,,4.95,,8.787420,6.932264,2.976634,,,,,,,,,,,,,,,,,,,,,4.95,,0.165800,0.210069,2.232475
,,,,,5.00,,7.461017,7.352401,3.720792,,,,,,,,,,,,,,,,,,,,,5.00,,0.165800,0.210069,2.232475
,,,,,5.05,,7.461017,7.352401,3.720792,,,,,,,,,,,,,,,,,,,,,5.05,,0.165800,0.210069,2.232475
,,,,,5.10,,7.958418,13.234323,8.557821,,,,,,,,,,,,,,,,,,,,,5.10,,0.000000,0.840274,3.348712
,,,,,5.15,,7.958418,13.234323,8.557821,,,,,,,,,,,,,,,,,,,,,5.15,,0.000000,0.840274,3.348712
,,,,,5.20,,14.922033,22.057203,16.743563,,,,,,,,,,,,,,,,,,,,,5.20,,0.000000,1.050343,1.860396
,,,,,5.25,,14.922033,22.057203,16.743563,,,,,,,,,,,,,,,,,,,,,5.25,,0.000000,1.050343,1.860396
,,,,,5.30,,25.201658,30.880087,24.929306,,,,,,,,,,,,,,,,,,,,,5.30,,0.000000,0.840274,3.348712
,,,,,5.35,,25.201658,30.880087,24.929306,,,,,,,,,,,,,,,,,,,,,5.35,,0.000000,0.840274,3.348712
,,,,,5.40,,39.294689,41.383518,34.231285,,,,,,,,,,,,,,,,,,,,,5.40,,0.000000,0.840274,3.348712
,,,,,5.45,,39.294689,41.383518,34.231285,,,,,,,,,,,,,,,,,,,,,5.45,,0.000000,0.840274,3.348712
,,,,,5.50,,37.139282,41.803654,33.115044,,,,,,,,,,,,,,,,,,,,,5.50,,0.000000,0.840274,3.348712
,,,,,5.55,,37.139282,41.803654,33.115044,,,,,,,,,,,,,,,,,,,,,5.55,,0.000000,0.840274,3.348712
,,,,,5.60,,27.357061,32.560635,26.045542,,,,,,,,,,,,,,,,,,,,,5.60,,0.000000,0.840274,3.348712
,,,,,5.65,,27.357061,32.560635,26.045542,,,,,,,,,,,,,,,,,,,,,5.65,,0.000000,0.840274,3.348712
,,,,,5.70,,31.004671,36.131802,28.650099,,,,,,,,,,,,,,,,,,,,,5.70,,0.000000,0.630206,4.837029
,,,,,5.75,,31.004671,36.131802,28.650099,,,,,,,,,,,,,,,,,,,,,5.75,,0.000000,0.630206,4.837029
,,,,,5.80,,30.507267,35.501595,29.394253,,,,,,,,,,,,,,,,,,,,,5.80,,0.000000,0.630206,4.837029
,,,,,5.85,,30.507267,35.501595,29.394253,,,,,,,,,,,,,,,,,,,,,5.85,,0.000000,0.630206,4.837029
,,,,,5.90,,31.999470,37.392212,30.882566,,,,,,,,,,,,,,,,,,,,,5.90,,0.000000,0.630206,4.837029
,,,,,5.95,,31.999470,37.392212,30.882566,,,,,,,,,,,,,,,,,,,,,5.95,,0.000000,0.630206,4.837029
,,,,,6.00,,25.864859,30.670017,24.557226,,,,,,,,,,,,,,,,,,,,,6.00,,0.000000,0.420137,6.325346
,,,,,6.05,,25.864859,30.670017,24.557226,,,,,,,,,,,,,,,,,,,,,6.05,,0.000000,0.420137,6.325346
,,,,,6.10,,28.683462,33.190838,27.161776,,,,,,,,,,,,,,,,,,,,,6.10,,0.000000,0.420137,6.325346
,,,,,6.15,,28.683462,33.190838,27.161776,,,,,,,,,,,,,,,,,,,,,6.15,,0.000000,0.420137,6.325346
,,,,,6.20,,29.512465,34.241180,27.161776,,,,,,,,,,,,,,,,,,,,,6.20,,0.000000,1.260412,5.953267
,,,,,6.25,,29.512465,34.241180,27.161776,,,,,,,,,,,,,,,,,,,,,6.25,,0.000000,1.260412,5.953267
,,,,,6.30,,25.864859,30.670017,24.557226,,,,,,,,,,,,,,,,,,,,,6.30,,0.000000,1.260412,5.953267
,,,,,6.35,,25.864859,30.670017,24.557226,,,,,,,,,,,,,,,,,,,,,6.35,,0.000000,1.260412,5.953267
,,,,,6.40,,25.201658,30.880087,24.929306,,,,,,,,,,,,,,,,,,,,,6.40,,0.000000,1.050343,7.441583
,,,,,6.45,,25.201658,30.880087,24.929306,,,,,,,,,,,,,,,,,,,,,6.45,,0.000000,1.050343,7.441583
,,,,,6.50,,27.688663,35.081459,26.789701,,,,,,,,,,,,,,,,,,,,,6.50,,0.000000,1.050343,7.441583
,,,,,6.55,,27.688663,35.081459,26.789701,,,,,,,,,,,,,,,,,,,,,6.55,,0.000000,1.050343,7.441583
,,,,,6.60,,29.512465,37.392212,29.022171,,,,,,,,,,,,,,,,,,,,,6.60,,0.000000,0.840274,8.929900
,,,,,6.65,,29.512465,37.392212,29.022171,,,,,,,,,,,,,,,,,,,,,6.65,,0.000000,0.840274,8.929900
,,,,,6.70,,28.351864,35.921734,28.278017,,,,,,,,,,,,,,,,,,,,,6.70,,0.000000,1.680549,8.557820
,,,,,6.75,,28.351864,35.921734,28.278017,,,,,,,,,,,,,,,,,,,,,6.75,,0.000000,1.680549,8.557820
,,,,,6.80,,15.253633,20.376654,13.766928,,,,,,,,,,,,,,,,,,,,,6.80,,0.000000,0.840274,8.929900
,,,,,6.85,,15.253633,20.376654,13.766928,,,,,,,,,,,,,,,,,,,,,6.85,,0.000000,0.840274,8.929900
,,,,,6.90,,13.595630,13.024253,8.185740,,,,,,,,,,,,,,,,,,,,,6.90,,0.000000,1.470480,10.046138
,,,,,6.95,,13.595630,13.024253,8.185740,,,,,,,,,,,,,,,,,,,,,6.95,,0.000000,1.470480,10.046138
,,,,,7.00,,12.269227,11.343705,5.209108,,,,,,,,,,,,,,,,,,,,,7.00,,0.000000,1.470480,10.046138
,,,,,7.05,,12.269227,11.343705,5.209108,,,,,,,,,,,,,,,,,,,,,7.05,,0.000000,1.470480,10.046138
,,,,,7.10,,10.611224,8.192676,3.348713,,,,,,,,,,,,,,,,,,,,,7.10,,0.000000,1.260412,11.534453
,,,,,7.15,,10.611224,8.192676,3.348713,,,,,,,,,,,,,,,,,,,,,7.15,,0.000000,1.260412,11.534453
,,,,,7.20,,11.771827,14.914872,9.674060,,,,,,,,,,,,,,,,,,,,,7.20,,0.000000,1.260412,11.534453
,,,,,7.25,,11.771827,14.914872,9.674060,,,,,,,,,,,,,,,,,,,,,7.25,,0.000000,1.260412,11.534453
,,,,,7.30,,22.714651,30.880087,23.068911,,,,,,,,,,,,,,,,,,,,,7.30,,0.000000,1.050343,11.162374
,,,,,7.35,,22.714651,30.880087,23.068911,,,,,,,,,,,,,,,,,,,,,7.35,,0.000000,1.050343,11.162374
,,,,,7.40,,22.383049,30.459948,22.324749,,,,,,,,,,,,,,,,,,,,,7.40,,0.000000,1.680549,12.278612
,,,,,7.45,,22.383049,30.459948,22.324749,,,,,,,,,,,,,,,,,,,,,7.45,,0.000000,1.680549,12.278612
,,,,,7.50,,12.766628,17.225626,10.046137,,,,,,,,,,,,,,,,,,,,,7.50,,0.000000,1.470480,13.766929
,,,,,7.55,,12.766628,17.225626,10.046137,,,,,,,,,,,,,,,,,,,,,7.55,,0.000000,1.470480,13.766929
,,,,,7.60,,11.108624,11.973910,8.185740,,,,,,,,,,,,,,,,,,,,,7.60,,0.000000,1.260412,15.255245
,,,,,7.65,,11.108624,11.973910,8.185740,,,,,,,,,,,,,,,,,,,,,7.65,,0.000000,1.260412,15.255245
,,,,,7.70,,11.274426,13.234323,8.557821,,,,,,,,,,,,,,,,,,,,,7.70,,0.000000,1.890618,16.371483
,,,,,7.75,,11.274426,13.234323,8.557821,,,,,,,,,,,,,,,,,,,,,7.75,,0.000000,1.890618,16.371483
,,,,,7.80,,11.108624,14.074596,8.185740,,,,,,,,,,,,,,,,,,,,,7.80,,0.000000,1.470480,17.487720
,,,,,7.85,,11.108624,14.074596,8.185740,,,,,,,,,,,,,,,,,,,,,7.85,,0.000000,1.470480,17.487720
,,,,,7.90,,12.766628,15.124939,10.046137,,,,,,,,,,,,,,,,,,,,,7.90,,0.000000,2.100686,18.603958
,,,,,7.95,,12.766628,15.124939,10.046137,,,,,,,,,,,,,,,,,,,,,7.95,,0.000000,2.100686,18.603958
,,,,,8.00,,12.932429,16.385351,10.418217,,,,,,,,,,,,,,,,,,,,,8.00,,0.000000,2.310755,22.696829
,,,,,8.05,,12.932429,16.385351,10.418217,,,,,,,,,,,,,,,,,,,,,8.05,,0.000000,2.310755,22.696829
,,,,,8.10,,12.435028,14.704803,9.301979,,,,,,,,,,,,,,,,,,,,,8.10,,0.000000,2.310755,22.696829
,,,,,8.15,,12.435028,14.704803,9.301979,,,,,,,,,,,,,,,,,,,,,8.15,,0.000000,2.310755,22.696829
,,,,,8.20,,11.771827,14.914872,9.674060,,,,,,,,,,,,,,,,,,,,,8.20,,0.000000,2.100686,22.324749
,,,,,8.25,,11.771827,14.914872,9.674060,,,,,,,,,,,,,,,,,,,,,8.25,,0.000000,2.100686,22.324749
,,,,,8.30,,13.264030,16.805489,11.162374,,,,,,,,,,,,,,,,,,,,,8.30,,0.000000,1.890618,23.813066
,,,,,8.35,,13.264030,16.805489,11.162374,,,,,,,,,,,,,,,,,,,,,8.35,,0.000000,1.890618,23.813066
,,,,,8.40,,12.435028,14.704803,9.301979,,,,,,,,,,,,,,,,,,,,,8.40,,0.000000,2.730892,23.440989
,,,,,8.45,,12.435028,14.704803,9.301979,,,,,,,,,,,,,,,,,,,,,8.45,,0.000000,2.730892,23.440989
,,,,,8.50,,11.771826,13.864528,7.813662,,,,,,,,,,,,,,,,,,,,,8.50,,0.000000,2.520823,24.929302
,,,,,8.55,,11.771826,13.864528,7.813662,,,,,,,,,,,,,,,,,,,,,8.55,,0.000000,2.520823,24.929302
,,,,,8.60,,12.435028,14.704803,9.301979,,,,,,,,,,,,,,,,,,,,,8.60,,0.000000,2.520823,24.929302
,,,,,8.65,,12.435028,14.704803,9.301979,,,,,,,,,,,,,,,,,,,,,8.65,,0.000000,2.520823,24.929302
,,,,,8.70,,13.098228,15.545076,10.790294,,,,,,,,,,,,,,,,,,,,,8.70,,0.000000,2.940961,25.673462
,,,,,8.75,,13.098228,15.545076,10.790294,,,,,,,,,,,,,,,,,,,,,8.75,,0.000000,2.940961,25.673462
,,,,,8.80,,13.429831,18.065901,11.534455,,,,,,,,,,,,,,,,,,,,,8.80,,0.000000,3.361098,28.278015
,,,,,8.85,,13.429831,18.065901,11.534455,,,,,,,,,,,,,,,,,,,,,8.85,,0.000000,3.361098,28.278015
,,,,,8.90,,13.429831,18.065901,11.534455,,,,,,,,,,,,,,,,,,,,,8.90,,0.000000,2.520823,28.650095
,,,,,8.95,,13.429831,18.065901,11.534455,,,,,,,,,,,,,,,,,,,,,8.95,,0.000000,2.520823,28.650095
,,,,,9.00,,11.937626,13.024253,8.185740,,,,,,,,,,,,,,,,,,,,,9.00,,0.000000,2.940961,29.394255
,,,,,9.05,,11.937626,13.024253,8.185740,,,,,,,,,,,,,,,,,,,,,9.05,,0.000000,2.940961,29.394255
,,,,,9.10,,10.611224,10.293362,7.069504,,,,,,,,,,,,,,,,,,,,,9.10,,0.000000,2.940961,29.394255
,,,,,9.15,,10.611224,10.293362,7.069504,,,,,,,,,,,,,,,,,,,,,9.15,,0.000000,2.940961,29.394255
,,,,,9.20,,11.440226,10.293362,5.209108,,,,,,,,,,,,,,,,,,,,,9.20,,0.000000,2.940961,29.394255
,,,,,9.25,,11.440226,10.293362,5.209108,,,,,,,,,,,,,,,,,,,,,9.25,,0.000000,2.940961,29.394255
,,,,,9.30,,12.766628,10.923567,6.325345,,,,,,,,,,,,,,,,,,,,,9.30,,0.000000,2.520823,30.510490
,,,,,9.35,,12.766628,10.923567,6.325345,,,,,,,,,,,,,,,,,,,,,9.35,,0.000000,2.520823,30.510490
,,,,,9.40,,12.600828,9.663156,5.953266,,,,,,,,,,,,,,,,,,,,,9.40,,0.000000,2.520823,30.510490
,,,,,9.45,,12.600828,9.663156,5.953266,,,,,,,,,,,,,,,,,,,,,9.45,,0.000000,2.520823,30.510490
,,,,,9.50,,11.771826,9.663156,4.092870,,,,,,,,,,,,,,,,,,,,,9.50,,0.000000,2.730892,29.022175
,,,,,9.55,,11.771826,9.663156,4.092870,,,,,,,,,,,,,,,,,,,,,9.55,,0.000000,2.730892,29.022175
,,,,,9.60,,12.435028,10.503430,5.581187,,,,,,,,,,,,,,,,,,,,,9.60,,0.000000,3.361098,30.138412
,,,,,9.65,,12.435028,10.503430,5.581187,,,,,,,,,,,,,,,,,,,,,9.65,,0.000000,3.361098,30.138412
,,,,,9.70,,11.606026,8.402744,3.720792,,,,,,,,,,,,,,,,,,,,,9.70,,0.000000,3.361098,30.138412
,,,,,9.75,,11.606026,8.402744,3.720792,,,,,,,,,,,,,,,,,,,,,9.75,,0.000000,3.361098,30.138412
,,,,,9.80,,10.942824,8.612813,4.092870,,,,,,,,,,,,,,,,,,,,,9.80,,0.000000,3.151029,29.766333
,,,,,9.85,,10.942824,8.612813,4.092870,,,,,,,,,,,,,,,,,,,,,9.85,,0.000000,3.151029,29.766333
,,,,,9.90,,11.937626,8.822881,4.464949,,,,,,,,,,,,,,,,,,,,,9.90,,0.000000,3.151029,29.766333
,,,,,9.95,,11.937626,8.822881,4.464949,,,,,,,,,,,,,,,,,,,,,9.95,,0.000000,3.151029,29.766333
,,,,,10.00,,12.269227,9.243019,5.209108,,,,,,,,,,,,,,,,,,,,,10.00,,0.000000,3.151029,29.766333
,,,,,,,,,,,,,,,,,,,,,,,,,,,,,,10.05,,0.000000,3.151029,29.766333
,,,,,,,,,,,,,,,,,,,,,,,,,,,,,,10.10,,0.000000,3.781235,30.882570
,,,,,,,,,,,,,,,,,,,,,,,,,,,,,,10.15,,0.000000,3.781235,30.882570
,,,,,,,,,,,,,,,,,,,,,,,,,,,,,,10.20,,0.000000,3.781235,30.882570
,,,,,,,,,,,,,,,,,,,,,,,,,,,,,,10.25,,0.000000,3.781235,30.882570
,,,,,,,,,,,,,,,,,,,,,,,,,,,,,,10.30,,0.000000,3.781235,30.882570
,,,,,,,,,,,,,,,,,,,,,,,,,,,,,,10.35,,0.000000,3.781235,30.882570
,,,,,,,,,,,,,,,,,,,,,,,,,,,,,,10.40,,0.000000,3.991304,29.394255
,,,,,,,,,,,,,,,,,,,,,,,,,,,,,,10.45,,0.000000,3.991304,29.394255
,,,,,,,,,,,,,,,,,,,,,,,,,,,,,,10.50,,0.000000,4.201372,31.626728
,,,,,,,,,,,,,,,,,,,,,,,,,,,,,,10.55,,0.000000,4.201372,31.626728
,,,,,,,,,,,,,,,,,,,,,,,,,,,,,,10.60,,0.000000,4.201372,31.626728
,,,,,,,,,,,,,,,,,,,,,,,,,,,,,,10.65,,0.000000,4.201372,31.626728
,,,,,,,,,,,,,,,,,,,,,,,,,,,,,,10.70,,0.000000,3.991304,33.115044
,,,,,,,,,,,,,,,,,,,,,,,,,,,,,,10.75,,0.000000,3.991304,33.115044
,,,,,,,,,,,,,,,,,,,,,,,,,,,,,,10.80,,0.000000,4.621509,32.370888
,,,,,,,,,,,,,,,,,,,,,,,,,,,,,,10.85,,0.000000,4.621509,32.370888
,,,,,,,,,,,,,,,,,,,,,,,,,,,,,,10.90,,0.000000,4.621509,32.370888
,,,,,,,,,,,,,,,,,,,,,,,,,,,,,,10.95,,0.000000,4.621509,32.370888
,,,,,,,,,,,,,,,,,,,,,,,,,,,,,,11.00,,0.000000,4.411440,33.859203
,,,,,,,,,,,,,,,,,,,,,,,,,,,,,,11.05,,0.000000,4.411440,33.859203
,,,,,,,,,,,,,,,,,,,,,,,,,,,,,,11.10,,0.000000,4.411440,33.859203
,,,,,,,,,,,,,,,,,,,,,,,,,,,,,,11.15,,0.000000,4.411440,33.859203
,,,,,,,,,,,,,,,,,,,,,,,,,,,,,,11.20,,0.000000,4.831578,34.603363
,,,,,,,,,,,,,,,,,,,,,,,,,,,,,,11.25,,0.000000,4.831578,34.603363
,,,,,,,,,,,,,,,,,,,,,,,,,,,,,,11.30,,0.000000,5.251715,37.207916
,,,,,,,,,,,,,,,,,,,,,,,,,,,,,,11.35,,0.000000,5.251715,37.207916
,,,,,,,,,,,,,,,,,,,,,,,,,,,,,,11.40,,0.000000,5.881921,38.324154
,,,,,,,,,,,,,,,,,,,,,,,,,,,,,,11.45,,0.000000,5.881921,38.324154
,,,,,,,,,,,,,,,,,,,,,,,,,,,,,,11.50,,0.000000,5.881921,42.044945
,,,,,,,,,,,,,,,,,,,,,,,,,,,,,,11.55,,0.000000,5.881921,42.044945
,,,,,,,,,,,,,,,,,,,,,,,,,,,,,,11.60,,0.000000,6.091990,40.556625
,,,,,,,,,,,,,,,,,,,,,,,,,,,,,,11.65,,0.000000,6.091990,40.556625
,,,,,,,,,,,,,,,,,,,,,,,,,,,,,,11.70,,0.000000,6.302058,39.068310
,,,,,,,,,,,,,,,,,,,,,,,,,,,,,,11.75,,0.000000,6.302058,39.068310
,,,,,,,,,,,,,,,,,,,,,,,,,,,,,,11.80,,0.000000,6.302058,39.068310
,,,,,,,,,,,,,,,,,,,,,,,,,,,,,,11.85,,0.000000,6.302058,39.068310
,,,,,,,,,,,,,,,,,,,,,,,,,,,,,,11.90,,0.000000,6.302058,39.068310
,,,,,,,,,,,,,,,,,,,,,,,,,,,,,,11.95,,0.000000,6.302058,39.068310
,,,,,,,,,,,,,,,,,,,,,,,,,,,,,,12.00,,0.000000,6.302058,39.068310
,,,,,,,,,,,,,,,,,,,,,,,,,,,,,,12.05,,0.000000,6.302058,39.068310
,,,,,,,,,,,,,,,,,,,,,,,,,,,,,,12.10,,0.000000,6.302058,39.068310
,,,,,,,,,,,,,,,,,,,,,,,,,,,,,,12.15,,0.000000,6.302058,39.068310
,,,,,,,,,,,,,,,,,,,,,,,,,,,,,,12.20,,0.000000,6.302058,39.068310
,,,,,,,,,,,,,,,,,,,,,,,,,,,,,,12.25,,0.000000,6.302058,39.068310
,,,,,,,,,,,,,,,,,,,,,,,,,,,,,,12.30,,0.000000,6.302058,39.068310
,,,,,,,,,,,,,,,,,,,,,,,,,,,,,,12.35,,0.000000,6.302058,39.068310
,,,,,,,,,,,,,,,,,,,,,,,,,,,,,,12.40,,0.000000,6.302058,39.068310
,,,,,,,,,,,,,,,,,,,,,,,,,,,,,,12.45,,0.000000,6.302058,39.068310
,,,,,,,,,,,,,,,,,,,,,,,,,,,,,,12.50,,0.000000,6.302058,39.068310
,,,,,,,,,,,,,,,,,,,,,,,,,,,,,,12.55,,0.000000,6.302058,39.068310
,,,,,,,,,,,,,,,,,,,,,,,,,,,,,,12.60,,0.000000,6.302058,39.068310
,,,,,,,,,,,,,,,,,,,,,,,,,,,,,,12.65,,0.000000,6.302058,39.068310
,,,,,,,,,,,,,,,,,,,,,,,,,,,,,,12.70,,0.000000,6.302058,39.068310
,,,,,,,,,,,,,,,,,,,,,,,,,,,,,,12.75,,0.000000,6.302058,39.068310
,,,,,,,,,,,,,,,,,,,,,,,,,,,,,,12.80,,0.000000,6.302058,39.068310
,,,,,,,,,,,,,,,,,,,,,,,,,,,,,,12.85,,0.000000,6.302058,39.068310
,,,,,,,,,,,,,,,,,,,,,,,,,,,,,,12.90,,0.000000,6.302058,39.068310
,,,,,,,,,,,,,,,,,,,,,,,,,,,,,,12.95,,0.000000,6.302058,39.068310
,,,,,,,,,,,,,,,,,,,,,,,,,,,,,,13.00,,0.000000,6.302058,39.068310
,,,,,,,,,,,,,,,,,,,,,,,,,,,,,,13.05,,0.000000,6.302058,39.068310
,,,,,,,,,,,,,,,,,,,,,,,,,,,,,,13.10,,0.000000,6.302058,39.068310
,,,,,,,,,,,,,,,,,,,,,,,,,,,,,,13.15,,0.000000,6.302058,39.068310
,,,,,,,,,,,,,,,,,,,,,,,,,,,,,,13.20,,0.000000,6.091990,40.556625
,,,,,,,,,,,,,,,,,,,,,,,,,,,,,,13.25,,0.000000,6.091990,40.556625
,,,,,,,,,,,,,,,,,,,,,,,,,,,,,,13.30,,0.000000,5.461783,39.440392
,,,,,,,,,,,,,,,,,,,,,,,,,,,,,,13.35,,0.000000,5.461783,39.440392
,,,,,,,,,,,,,,,,,,,,,,,,,,,,,,13.40,,0.000000,5.881921,38.324154
,,,,,,,,,,,,,,,,,,,,,,,,,,,,,,13.45,,0.000000,5.881921,38.324154
,,,,,,,,,,,,,,,,,,,,,,,,,,,,,,13.50,,0.000000,5.881921,38.324154
,,,,,,,,,,,,,,,,,,,,,,,,,,,,,,13.55,,0.000000,5.881921,38.324154
,,,,,,,,,,,,,,,,,,,,,,,,,,,,,,13.60,,0.000000,6.932264,42.044945
,,,,,,,,,,,,,,,,,,,,,,,,,,,,,,13.65,,0.000000,6.932264,42.044945
,,,,,,,,,,,,,,,,,,,,,,,,,,,,,,13.70,,0.000000,7.562469,41.300789
,,,,,,,,,,,,,,,,,,,,,,,,,,,,,,13.75,,0.000000,7.562469,41.300789
,,,,,,,,,,,,,,,,,,,,,,,,,,,,,,13.80,,0.000000,7.562469,39.440392
,,,,,,,,,,,,,,,,,,,,,,,,,,,,,,13.85,,0.000000,7.562469,39.440392
,,,,,,,,,,,,,,,,,,,,,,,,,,,,,,13.90,,0.000000,7.982607,40.184551
,,,,,,,,,,,,,,,,,,,,,,,,,,,,,,13.95,,0.000000,7.982607,40.184551
,,,,,,,,,,,,,,,,,,,,,,,,,,,,,,14.00,,0.000000,8.612813,41.300789
,,,,,,,,,,,,,,,,,,,,,,,,,,,,,,14.05,,0.000000,8.612813,41.300789
,,,,,,,,,,,,,,,,,,,,,,,,,,,,,,14.10,,0.000000,9.663156,39.440392
,,,,,,,,,,,,,,,,,,,,,,,,,,,,,,14.15,,0.000000,9.663156,39.440392
,,,,,,,,,,,,,,,,,,,,,,,,,,,,,,14.20,,0.000000,11.343705,42.417023
,,,,,,,,,,,,,,,,,,,,,,,,,,,,,,14.25,,0.000000,11.343705,42.417023
,,,,,,,,,,,,,,,,,,,,,,,,,,,,,,14.30,,0.000000,12.604116,42.789104
,,,,,,,,,,,,,,,,,,,,,,,,,,,,,,14.35,,0.000000,12.604116,42.789104
,,,,,,,,,,,,,,,,,,,,,,,,,,,,,,14.40,,0.000000,13.864529,43.161182
,,,,,,,,,,,,,,,,,,,,,,,,,,,,,,14.45,,0.000000,13.864529,43.161182
,,,,,,,,,,,,,,,,,,,,,,,,,,,,,,14.50,,0.000000,15.545076,42.417023
,,,,,,,,,,,,,,,,,,,,,,,,,,,,,,14.55,,0.000000,15.545076,42.417023
,,,,,,,,,,,,,,,,,,,,,,,,,,,,,,14.60,,0.000000,16.595419,44.277420
,,,,,,,,,,,,,,,,,,,,,,,,,,,,,,14.65,,0.000000,16.595419,44.277420
,,,,,,,,,,,,,,,,,,,,,,,,,,,,,,14.70,,0.000000,18.275969,43.533260
,,,,,,,,,,,,,,,,,,,,,,,,,,,,,,14.75,,0.000000,18.275969,43.533260
,,,,,,,,,,,,,,,,,,,,,,,,,,,,,,14.80,,0.000000,20.166588,45.021580
,,,,,,,,,,,,,,,,,,,,,,,,,,,,,,14.85,,0.000000,20.166588,45.021580
,,,,,,,,,,,,,,,,,,,,,,,,,,,,,,14.90,,0.000000,21.006861,44.649498
,,,,,,,,,,,,,,,,,,,,,,,,,,,,,,14.95,,0.000000,21.006861,44.649498
,,,,,,,,,,,,,,,,,,,,,,,,,,,,,,15.00,,0.000000,22.477341,43.533260
,,,,,,,,,,,,,,,,,,,,,,,,,,,,,,15.05,,0.000000,22.477341,43.533260
,,,,,,,,,,,,,,,,,,,,,,,,,,,,,,15.10,,0.000000,23.527683,45.393658
,,,,,,,,,,,,,,,,,,,,,,,,,,,,,,15.15,,0.000000,23.527683,45.393658
,,,,,,,,,,,,,,,,,,,,,,,,,,,,,,15.20,,0.000000,23.737753,43.905342
,,,,,,,,,,,,,,,,,,,,,,,,,,,,,,15.25,,0.000000,23.737753,43.905342
,,,,,,,,,,,,,,,,,,,,,,,,,,,,,,15.30,,0.000000,26.258575,46.509895
,,,,,,,,,,,,,,,,,,,,,,,,,,,,,,15.35,,0.000000,26.258575,46.509895
,,,,,,,,,,,,,,,,,,,,,,,,,,,,,,15.40,,0.000000,27.939125,45.765736
,,,,,,,,,,,,,,,,,,,,,,,,,,,,,,15.45,,0.000000,27.939125,45.765736
,,,,,,,,,,,,,,,,,,,,,,,,,,,,,,15.50,,0.000000,30.880085,45.393658
,,,,,,,,,,,,,,,,,,,,,,,,,,,,,,15.55,,0.000000,30.880085,45.393658
,,,,,,,,,,,,,,,,,,,,,,,,,,,,,,15.60,,0.000000,32.350563,46.137814
,,,,,,,,,,,,,,,,,,,,,,,,,,,,,,15.65,,0.000000,32.350563,46.137814
,,,,,,,,,,,,,,,,,,,,,,,,,,,,,,15.70,,0.000000,33.400909,46.137814
,,,,,,,,,,,,,,,,,,,,,,,,,,,,,,15.75,,0.000000,33.400909,46.137814
,,,,,,,,,,,,,,,,,,,,,,,,,,,,,,15.80,,0.000000,34.031116,47.254051
,,,,,,,,,,,,,,,,,,,,,,,,,,,,,,15.85,,0.000000,34.031116,47.254051
,,,,,,,,,,,,,,,,,,,,,,,,,,,,,,15.90,,0.000000,34.031116,47.254051
,,,,,,,,,,,,,,,,,,,,,,,,,,,,,,15.95,,0.000000,34.031116,47.254051
,,,,,,,,,,,,,,,,,,,,,,,,,,,,,,16.00,,0.000000,35.921734,45.021580
,,,,,,,,,,,,,,,,,,,,,,,,,,,,,,16.05,,0.000000,35.921734,45.021580
,,,,,,,,,,,,,,,,,,,,,,,,,,,,,,16.10,,0.000000,38.652622,46.137814
,,,,,,,,,,,,,,,,,,,,,,,,,,,,,,16.15,,0.000000,38.652622,46.137814
,,,,,,,,,,,,,,,,,,,,,,,,,,,,,,16.20,,0.000000,39.282829,45.393658
,,,,,,,,,,,,,,,,,,,,,,,,,,,,,,16.25,,0.000000,39.282829,45.393658
,,,,,,,,,,,,,,,,,,,,,,,,,,,,,,16.30,,0.000000,39.702965,42.417023
,,,,,,,,,,,,,,,,,,,,,,,,,,,,,,16.35,,0.000000,39.702965,42.417023
,,,,,,,,,,,,,,,,,,,,,,,,,,,,,,16.40,,0.000000,39.702965,42.417023
,,,,,,,,,,,,,,,,,,,,,,,,,,,,,,16.45,,0.000000,39.702965,42.417023
,,,,,,,,,,,,,,,,,,,,,,,,,,,,,,16.50,,0.000000,39.702965,42.417023
,,,,,,,,,,,,,,,,,,,,,,,,,,,,,,16.55,,0.000000,39.702965,42.417023
,,,,,,,,,,,,,,,,,,,,,,,,,,,,,,16.60,,0.000000,39.702965,42.417023
,,,,,,,,,,,,,,,,,,,,,,,,,,,,,,16.65,,0.000000,39.702965,42.417023
,,,,,,,,,,,,,,,,,,,,,,,,,,,,,,16.70,,0.000000,39.913036,40.928707
,,,,,,,,,,,,,,,,,,,,,,,,,,,,,,16.75,,0.000000,39.913036,40.928707
,,,,,,,,,,,,,,,,,,,,,,,,,,,,,,16.80,,0.000000,39.913036,40.928707
,,,,,,,,,,,,,,,,,,,,,,,,,,,,,,16.85,,0.000000,39.913036,40.928707
,,,,,,,,,,,,,,,,,,,,,,,,,,,,,,16.90,,0.000000,39.913036,40.928707
,,,,,,,,,,,,,,,,,,,,,,,,,,,,,,16.95,,0.000000,39.913036,40.928707
,,,,,,,,,,,,,,,,,,,,,,,,,,,,,,17.00,,0.000000,39.913036,40.928707
,,,,,,,,,,,,,,,,,,,,,,,,,,,,,,17.05,,0.000000,39.913036,40.928707
,,,,,,,,,,,,,,,,,,,,,,,,,,,,,,17.10,,0.000000,39.492897,38.324154
,,,,,,,,,,,,,,,,,,,,,,,,,,,,,,17.15,,0.000000,39.492897,38.324154
,,,,,,,,,,,,,,,,,,,,,,,,,,,,,,17.20,,0.000000,39.492897,38.324154
,,,,,,,,,,,,,,,,,,,,,,,,,,,,,,17.25,,0.000000,39.492897,38.324154
,,,,,,,,,,,,,,,,,,,,,,,,,,,,,,17.30,,0.000000,38.862694,37.207916
,,,,,,,,,,,,,,,,,,,,,,,,,,,,,,17.35,,0.000000,38.862694,37.207916
,,,,,,,,,,,,,,,,,,,,,,,,,,,,,,17.40,,0.000000,38.862694,37.207916
,,,,,,,,,,,,,,,,,,,,,,,,,,,,,,17.45,,0.000000,38.862694,37.207916
,,,,,,,,,,,,,,,,,,,,,,,,,,,,,,17.50,,0.000000,38.022419,28.278017
,,,,,,,,,,,,,,,,,,,,,,,,,,,,,,17.55,,0.000000,38.022419,28.278017
,,,,,,,,,,,,,,,,,,,,,,,,,,,,,,17.60,,4.310810,35.921734,11.534455
,,,,,,,,,,,,,,,,,,,,,,,,,,,,,,17.65,,4.310810,35.921734,11.534455
,,,,,,,,,,,,,,,,,,,,,,,,,,,,,,17.70,,7.295216,35.501595,10.790294
,,,,,,,,,,,,,,,,,,,,,,,,,,,,,,17.75,,7.295216,35.501595,10.790294
,,,,,,,,,,,,,,,,,,,,,,,,,,,,,,17.80,,18.901241,14.494733,7.069502
,,,,,,,,,,,,,,,,,,,,,,,,,,,,,,17.85,,18.901241,14.494733,7.069502
,,,,,,,,,,,,,,,,,,,,,,,,,,,,,,17.90,,19.067043,12.604116,5.581187
,,,,,,,,,,,,,,,,,,,,,,,,,,,,,,17.95,,19.067043,12.604116,5.581187
,,,,,,,,,,,,,,,,,,,,,,,,,,,,,,18.00,,19.232843,11.763843,5.953268
,,,,,,,,,,,,,,,,,,,,,,,,,,,,,,18.05,,19.232843,11.763843,5.953268
,,,,,,,,,,,,,,,,,,,,,,,,,,,,,,18.10,,19.232843,11.763843,5.953268
,,,,,,,,,,,,,,,,,,,,,,,,,,,,,,18.15,,19.232843,11.763843,5.953268
,,,,,,,,,,,,,,,,,,,,,,,,,,,,,,18.20,,19.232843,11.763843,5.953268
,,,,,,,,,,,,,,,,,,,,,,,,,,,,,,18.25,,19.232843,11.763843,5.953268
,,,,,,,,,,,,,,,,,,,,,,,,,,,,,,18.30,,19.232843,11.763843,5.953268
,,,,,,,,,,,,,,,,,,,,,,,,,,,,,,18.35,,19.232843,11.763843,5.953268
,,,,,,,,,,,,,,,,,,,,,,,,,,,,,,18.40,,19.232843,11.763843,5.953268
,,,,,,,,,,,,,,,,,,,,,,,,,,,,,,18.45,,19.232843,11.763843,5.953268
,,,,,,,,,,,,,,,,,,,,,,,,,,,,,,18.50,,19.232843,11.763843,5.953268
,,,,,,,,,,,,,,,,,,,,,,,,,,,,,,18.55,,19.232843,11.763843,5.953268
,,,,,,,,,,,,,,,,,,,,,,,,,,,,,,18.60,,19.232843,11.763843,5.953268
,,,,,,,,,,,,,,,,,,,,,,,,,,,,,,18.65,,19.232843,11.763843,5.953268
,,,,,,,,,,,,,,,,,,,,,,,,,,,,,,18.70,,19.398643,10.923567,6.325345
,,,,,,,,,,,,,,,,,,,,,,,,,,,,,,18.75,,19.398643,10.923567,6.325345
,,,,,,,,,,,,,,,,,,,,,,,,,,,,,,18.80,,19.398643,10.923567,6.325345
,,,,,,,,,,,,,,,,,,,,,,,,,,,,,,18.85,,19.398643,10.923567,6.325345
,,,,,,,,,,,,,,,,,,,,,,,,,,,,,,18.90,,19.398643,10.923567,6.325345
,,,,,,,,,,,,,,,,,,,,,,,,,,,,,,18.95,,19.398643,10.923567,6.325345
,,,,,,,,,,,,,,,,,,,,,,,,,,,,,,19.00,,19.398643,10.923567,6.325345
,,,,,,,,,,,,,,,,,,,,,,,,,,,,,,19.05,,19.398643,10.923567,6.325345
,,,,,,,,,,,,,,,,,,,,,,,,,,,,,,19.10,,19.398643,10.923567,6.325345
,,,,,,,,,,,,,,,,,,,,,,,,,,,,,,19.15,,19.398643,10.923567,6.325345
,,,,,,,,,,,,,,,,,,,,,,,,,,,,,,19.20,,19.398643,10.923567,6.325345
,,,,,,,,,,,,,,,,,,,,,,,,,,,,,,19.25,,19.398643,10.923567,6.325345
,,,,,,,,,,,,,,,,,,,,,,,,,,,,,,19.30,,19.564444,11.133636,4.837030
,,,,,,,,,,,,,,,,,,,,,,,,,,,,,,19.35,,19.564444,11.133636,4.837030
,,,,,,,,,,,,,,,,,,,,,,,,,,,,,,19.40,,19.564444,11.133636,4.837030
,,,,,,,,,,,,,,,,,,,,,,,,,,,,,,19.45,,19.564444,11.133636,4.837030
,,,,,,,,,,,,,,,,,,,,,,,,,,,,,,19.50,,19.398643,10.923567,6.325345
,,,,,,,,,,,,,,,,,,,,,,,,,,,,,,19.55,,19.398643,10.923567,6.325345
,,,,,,,,,,,,,,,,,,,,,,,,,,,,,,19.60,,19.398643,10.923567,6.325345
,,,,,,,,,,,,,,,,,,,,,,,,,,,,,,19.65,,19.398643,10.923567,6.325345
,,,,,,,,,,,,,,,,,,,,,,,,,,,,,,19.70,,19.564444,11.133636,4.837030
,,,,,,,,,,,,,,,,,,,,,,,,,,,,,,19.75,,19.564444,11.133636,4.837030
,,,,,,,,,,,,,,,,,,,,,,,,,,,,,,19.80,,19.564444,11.133636,4.837030
,,,,,,,,,,,,,,,,,,,,,,,,,,,,,,19.85,,19.564444,11.133636,4.837030
,,,,,,,,,,,,,,,,,,,,,,,,,,,,,,19.90,,18.901241,11.343704,5.209107
,,,,,,,,,,,,,,,,,,,,,,,,,,,,,,19.95,,18.901241,11.343704,5.209107
,,,,,,,,,,,,,,,,,,,,,,,,,,,,,,20.00,,18.901241,11.343704,5.209107
,,,,,,,,,,,,,,,,,,,,,,,,,,,,,,20.05,,18.901241,11.343704,5.209107
,,,,,,,,,,,,,,,,,,,,,,,,,,,,,,20.10,,18.901241,11.343704,5.209107
,,,,,,,,,,,,,,,,,,,,,,,,,,,,,,20.15,,18.901241,11.343704,5.209107
,,,,,,,,,,,,,,,,,,,,,,,,,,,,,,20.20,,19.564444,11.133636,4.837030
,,,,,,,,,,,,,,,,,,,,,,,,,,,,,,20.25,,19.564444,11.133636,4.837030
,,,,,,,,,,,,,,,,,,,,,,,,,,,,,,20.30,,19.564444,11.133636,4.837030
,,,,,,,,,,,,,,,,,,,,,,,,,,,,,,20.35,,19.564444,11.133636,4.837030
,,,,,,,,,,,,,,,,,,,,,,,,,,,,,,20.40,,17.906441,11.133636,4.837030
,,,,,,,,,,,,,,,,,,,,,,,,,,,,,,20.45,,17.906441,11.133636,4.837030
,,,,,,,,,,,,,,,,,,,,,,,,,,,,,,20.50,,17.409039,10.503430,5.581187
,,,,,,,,,,,,,,,,,,,,,,,,,,,,,,20.55,,17.409039,10.503430,5.581187
,,,,,,,,,,,,,,,,,,,,,,,,,,,,,,20.60,,17.409039,10.503430,5.581187
,,,,,,,,,,,,,,,,,,,,,,,,,,,,,,20.65,,17.409039,10.503430,5.581187
,,,,,,,,,,,,,,,,,,,,,,,,,,,,,,20.70,,17.077438,10.083294,4.837030
,,,,,,,,,,,,,,,,,,,,,,,,,,,,,,20.75,,17.077438,10.083294,4.837030
,,,,,,,,,,,,,,,,,,,,,,,,,,,,,,20.80,,16.580036,10.503430,3.720792
,,,,,,,,,,,,,,,,,,,,,,,,,,,,,,20.85,,16.580036,10.503430,3.720792
,,,,,,,,,,,,,,,,,,,,,,,,,,,,,,20.90,,16.745838,9.663156,4.092870
,,,,,,,,,,,,,,,,,,,,,,,,,,,,,,20.95,,16.745838,9.663156,4.092870
,,,,,,,,,,,,,,,,,,,,,,,,,,,,,,21.00,,16.082636,9.873224,4.464949
,,,,,,,,,,,,,,,,,,,,,,,,,,,,,,21.05,,16.082636,9.873224,4.464949
,,,,,,,,,,,,,,,,,,,,,,,,,,,,,,21.10,,15.253633,8.822881,4.464949
,,,,,,,,,,,,,,,,,,,,,,,,,,,,,,21.15,,15.253633,8.822881,4.464949
,,,,,,,,,,,,,,,,,,,,,,,,,,,,,,21.20,,15.253633,8.822881,4.464949
,,,,,,,,,,,,,,,,,,,,,,,,,,,,,,21.25,,15.253633,8.822881,4.464949
,,,,,,,,,,,,,,,,,,,,,,,,,,,,,,21.30,,14.258832,8.612813,4.092870
,,,,,,,,,,,,,,,,,,,,,,,,,,,,,,21.35,,14.258832,8.612813,4.092870
,,,,,,,,,,,,,,,,,,,,,,,,,,,,,,21.40,,14.258832,8.612813,4.092870
,,,,,,,,,,,,,,,,,,,,,,,,,,,,,,21.45,,14.258832,8.612813,4.092870
,,,,,,,,,,,,,,,,,,,,,,,,,,,,,,21.50,,13.927230,8.192676,3.348713
,,,,,,,,,,,,,,,,,,,,,,,,,,,,,,21.55,,13.927230,8.192676,3.348713
,,,,,,,,,,,,,,,,,,,,,,,,,,,,,,21.60,,14.093031,7.352401,3.720792
,,,,,,,,,,,,,,,,,,,,,,,,,,,,,,21.65,,14.093031,7.352401,3.720792
,,,,,,,,,,,,,,,,,,,,,,,,,,,,,,21.70,,12.932429,7.982607,2.976634
,,,,,,,,,,,,,,,,,,,,,,,,,,,,,,21.75,,12.932429,7.982607,2.976634
,,,,,,,,,,,,,,,,,,,,,,,,,,,,,,21.80,,12.103427,6.932264,2.976634
,,,,,,,,,,,,,,,,,,,,,,,,,,,,,,21.85,,12.103427,6.932264,2.976634
,,,,,,,,,,,,,,,,,,,,,,,,,,,,,,21.90,,11.108624,6.722195,2.604553
,,,,,,,,,,,,,,,,,,,,,,,,,,,,,,21.95,,11.108624,6.722195,2.604553
,,,,,,,,,,,,,,,,,,,,,,,,,,,,,,22.00,,10.777024,6.302058,1.860396
,,,,,,,,,,,,,,,,,,,,,,,,,,,,,,22.05,,10.777024,6.302058,1.860396
,,,,,,,,,,,,,,,,,,,,,,,,,,,,,,22.10,,9.616422,5.881921,2.976634
,,,,,,,,,,,,,,,,,,,,,,,,,,,,,,22.15,,9.616422,5.881921,2.976634
,,,,,,,,,,,,,,,,,,,,,,,,,,,,,,22.20,,10.279622,5.671852,2.604553
,,,,,,,,,,,,,,,,,,,,,,,,,,,,,,22.25,,10.279622,5.671852,2.604553
,,,,,,,,,,,,,,,,,,,,,,,,,,,,,,22.30,,8.621619,5.671852,2.604553
,,,,,,,,,,,,,,,,,,,,,,,,,,,,,,22.35,,8.621619,5.671852,2.604553
,,,,,,,,,,,,,,,,,,,,,,,,,,,,,,22.40,,8.953220,5.041647,1.488317
,,,,,,,,,,,,,,,,,,,,,,,,,,,,,,22.45,,8.953220,5.041647,1.488317
,,,,,,,,,,,,,,,,,,,,,,,,,,,,,,22.50,,8.290018,5.251715,1.860396
,,,,,,,,,,,,,,,,,,,,,,,,,,,,,,22.55,,8.290018,5.251715,1.860396
,,,,,,,,,,,,,,,,,,,,,,,,,,,,,,22.60,,7.295217,5.041647,1.488317
,,,,,,,,,,,,,,,,,,,,,,,,,,,,,,22.65,,7.295217,5.041647,1.488317
,,,,,,,,,,,,,,,,,,,,,,,,,,,,,,22.70,,7.626817,4.411440,0.372079
,,,,,,,,,,,,,,,,,,,,,,,,,,,,,,22.75,,7.626817,4.411440,0.372079
,,,,,,,,,,,,,,,,,,,,,,,,,,,,,,22.80,,7.792617,3.571167,0.744159
,,,,,,,,,,,,,,,,,,,,,,,,,,,,,,22.85,,7.792617,3.571167,0.744159
,,,,,,,,,,,,,,,,,,,,,,,,,,,,,,22.90,,7.792617,3.571167,0.744159
,,,,,,,,,,,,,,,,,,,,,,,,,,,,,,22.95,,7.792617,3.571167,0.744159
,,,,,,,,,,,,,,,,,,,,,,,,,,,,,,23.00,,7.792617,3.571167,0.744159
,,,,,,,,,,,,,,,,,,,,,,,,,,,,,,23.05,,7.792617,3.571167,0.744159
,,,,,,,,,,,,,,,,,,,,,,,,,,,,,,23.10,,7.792617,3.571167,0.744159
,,,,,,,,,,,,,,,,,,,,,,,,,,,,,,23.15,,7.792617,3.571167,0.744159
,,,,,,,,,,,,,,,,,,,,,,,,,,,,,,23.20,,7.792617,3.571167,0.744159
,,,,,,,,,,,,,,,,,,,,,,,,,,,,,,23.25,,7.792617,3.571167,0.744159
,,,,,,,,,,,,,,,,,,,,,,,,,,,,,,23.30,,8.455818,3.361098,0.372079
,,,,,,,,,,,,,,,,,,,,,,,,,,,,,,23.35,,8.455818,3.361098,0.372079
,,,,,,,,,,,,,,,,,,,,,,,,,,,,,,23.40,,8.953220,3.991304,0.000000
,,,,,,,,,,,,,,,,,,,,,,,,,,,,,,23.45,,8.953220,3.991304,0.000000
,,,,,,,,,,,,,,,,,,,,,,,,,,,,,,23.50,,9.450621,3.571167,0.744159
,,,,,,,,,,,,,,,,,,,,,,,,,,,,,,23.55,,9.450621,3.571167,0.744159
,,,,,,,,,,,,,,,,,,,,,,,,,,,,,,23.60,,9.450621,3.571167,0.744159
,,,,,,,,,,,,,,,,,,,,,,,,,,,,,,23.65,,9.450621,3.571167,0.744159
,,,,,,,,,,,,,,,,,,,,,,,,,,,,,,23.70,,11.274426,3.781235,0.000000
,,,,,,,,,,,,,,,,,,,,,,,,,,,,,,23.75,,11.274426,3.781235,0.000000
,,,,,,,,,,,,,,,,,,,,,,,,,,,,,,23.80,,11.274426,3.781235,0.000000
,,,,,,,,,,,,,,,,,,,,,,,,,,,,,,23.85,,11.274426,3.781235,0.000000
,,,,,,,,,,,,,,,,,,,,,,,,,,,,,,23.90,,11.606026,4.201372,0.000000
,,,,,,,,,,,,,,,,,,,,,,,,,,,,,,23.95,,11.606026,4.201372,0.000000
,,,,,,,,,,,,,,,,,,,,,,,,,,,,,,24.00,,11.606026,4.201372,0.000000
,,,,,,,,,,,,,,,,,,,,,,,,,,,,,,24.05,,11.606026,4.201372,0.000000
,,,,,,,,,,,,,,,,,,,,,,,,,,,,,,24.10,,13.264030,4.201372,0.000000
,,,,,,,,,,,,,,,,,,,,,,,,,,,,,,24.15,,13.264030,4.201372,0.000000
,,,,,,,,,,,,,,,,,,,,,,,,,,,,,,24.20,,13.927230,3.991304,0.000000
,,,,,,,,,,,,,,,,,,,,,,,,,,,,,,24.25,,13.927230,3.991304,0.000000
,,,,,,,,,,,,,,,,,,,,,,,,,,,,,,24.30,,13.927230,3.991304,0.000000
,,,,,,,,,,,,,,,,,,,,,,,,,,,,,,24.35,,13.927230,3.991304,0.000000
,,,,,,,,,,,,,,,,,,,,,,,,,,,,,,24.40,,13.761431,4.831578,0.000000
,,,,,,,,,,,,,,,,,,,,,,,,,,,,,,24.45,,13.761431,4.831578,0.000000
,,,,,,,,,,,,,,,,,,,,,,,,,,,,,,24.50,,14.424632,4.621509,0.000000
,,,,,,,,,,,,,,,,,,,,,,,,,,,,,,24.55,,14.424632,4.621509,0.000000
,,,,,,,,,,,,,,,,,,,,,,,,,,,,,,24.60,,14.922033,4.201372,0.000000
,,,,,,,,,,,,,,,,,,,,,,,,,,,,,,24.65,,14.922033,4.201372,0.000000
,,,,,,,,,,,,,,,,,,,,,,,,,,,,,,24.70,,14.922033,4.201372,0.000000
,,,,,,,,,,,,,,,,,,,,,,,,,,,,,,24.75,,14.922033,4.201372,0.000000
,,,,,,,,,,,,,,,,,,,,,,,,,,,,,,24.80,,15.585234,3.991304,0.000000
,,,,,,,,,,,,,,,,,,,,,,,,,,,,,,24.85,,15.585234,3.991304,0.000000
,,,,,,,,,,,,,,,,,,,,,,,,,,,,,,24.90,,15.419435,4.831578,0.000000
,,,,,,,,,,,,,,,,,,,,,,,,,,,,,,24.95,,15.419435,4.831578,0.000000
,,,,,,,,,,,,,,,,,,,,,,,,,,,,,,25.00,,17.077438,4.831578,0.000000
,,,,,,,,,,,,,,,,,,,,,,,,,,,,,,25.05,,17.077438,4.831578,0.000000
,,,,,,,,,,,,,,,,,,,,,,,,,,,,,,25.10,,18.901241,5.041647,0.000000
,,,,,,,,,,,,,,,,,,,,,,,,,,,,,,25.15,,18.901241,5.041647,0.000000
,,,,,,,,,,,,,,,,,,,,,,,,,,,,,,25.20,,19.398643,4.621509,0.000000
,,,,,,,,,,,,,,,,,,,,,,,,,,,,,,25.25,,19.398643,4.621509,0.000000
,,,,,,,,,,,,,,,,,,,,,,,,,,,,,,25.30,,19.398643,4.621509,0.000000
,,,,,,,,,,,,,,,,,,,,,,,,,,,,,,25.35,,19.398643,4.621509,0.000000
,,,,,,,,,,,,,,,,,,,,,,,,,,,,,,25.40,,18.735441,4.831578,0.000000
,,,,,,,,,,,,,,,,,,,,,,,,,,,,,,25.45,,18.735441,4.831578,0.000000
,,,,,,,,,,,,,,,,,,,,,,,,,,,,,,25.50,,19.398643,4.621509,0.000000
,,,,,,,,,,,,,,,,,,,,,,,,,,,,,,25.55,,19.398643,4.621509,0.000000
,,,,,,,,,,,,,,,,,,,,,,,,,,,,,,25.60,,20.725046,4.201372,0.000000
,,,,,,,,,,,,,,,,,,,,,,,,,,,,,,25.65,,20.725046,4.201372,0.000000
,,,,,,,,,,,,,,,,,,,,,,,,,,,,,,25.70,,20.725046,4.201372,0.000000
,,,,,,,,,,,,,,,,,,,,,,,,,,,,,,25.75,,20.725046,4.201372,0.000000
,,,,,,,,,,,,,,,,,,,,,,,,,,,,,,25.80,,20.061846,4.411440,0.000000
,,,,,,,,,,,,,,,,,,,,,,,,,,,,,,25.85,,20.061846,4.411440,0.000000
,,,,,,,,,,,,,,,,,,,,,,,,,,,,,,25.90,,18.403841,4.411440,0.000000
,,,,,,,,,,,,,,,,,,,,,,,,,,,,,,25.95,,18.403841,4.411440,0.000000
,,,,,,,,,,,,,,,,,,,,,,,,,,,,,,26.00,,18.072239,3.991304,0.000000
,,,,,,,,,,,,,,,,,,,,,,,,,,,,,,26.05,,18.072239,3.991304,0.000000
,,,,,,,,,,,,,,,,,,,,,,,,,,,,,,26.10,,16.745838,4.411440,0.000000
,,,,,,,,,,,,,,,,,,,,,,,,,,,,,,26.15,,16.745838,4.411440,0.000000
,,,,,,,,,,,,,,,,,,,,,,,,,,,,,,26.20,,15.253633,3.571166,0.000000
,,,,,,,,,,,,,,,,,,,,,,,,,,,,,,26.25,,15.253633,3.571166,0.000000
,,,,,,,,,,,,,,,,,,,,,,,,,,,,,,26.30,,13.927230,3.991304,0.000000
,,,,,,,,,,,,,,,,,,,,,,,,,,,,,,26.35,,13.927230,3.991304,0.000000
,,,,,,,,,,,,,,,,,,,,,,,,,,,,,,26.40,,12.932429,3.781235,0.000000
,,,,,,,,,,,,,,,,,,,,,,,,,,,,,,26.45,,12.932429,3.781235,0.000000
,,,,,,,,,,,,,,,,,,,,,,,,,,,,,,26.50,,12.269227,3.991304,0.000000
,,,,,,,,,,,,,,,,,,,,,,,,,,,,,,26.55,,12.269227,3.991304,0.000000
,,,,,,,,,,,,,,,,,,,,,,,,,,,,,,26.60,,11.937626,3.571166,0.000000
,,,,,,,,,,,,,,,,,,,,,,,,,,,,,,26.65,,11.937626,3.571166,0.000000
,,,,,,,,,,,,,,,,,,,,,,,,,,,,,,26.70,,11.937626,3.571166,0.000000
,,,,,,,,,,,,,,,,,,,,,,,,,,,,,,26.75,,11.937626,3.571166,0.000000
,,,,,,,,,,,,,,,,,,,,,,,,,,,,,,26.80,,11.274426,3.781235,0.000000
,,,,,,,,,,,,,,,,,,,,,,,,,,,,,,26.85,,11.274426,3.781235,0.000000
,,,,,,,,,,,,,,,,,,,,,,,,,,,,,,26.90,,10.777024,3.151029,0.000000
,,,,,,,,,,,,,,,,,,,,,,,,,,,,,,26.95,,10.777024,3.151029,0.000000
,,,,,,,,,,,,,,,,,,,,,,,,,,,,,,27.00,,10.113822,3.361098,0.372079
,,,,,,,,,,,,,,,,,,,,,,,,,,,,,,27.05,,10.113822,3.361098,0.372079
,,,,,,,,,,,,,,,,,,,,,,,,,,,,,,27.10,,9.782222,2.940961,0.000000
,,,,,,,,,,,,,,,,,,,,,,,,,,,,,,27.15,,9.782222,2.940961,0.000000
,,,,,,,,,,,,,,,,,,,,,,,,,,,,,,27.20,,9.119020,3.151029,0.000000
,,,,,,,,,,,,,,,,,,,,,,,,,,,,,,27.25,,9.119020,3.151029,0.000000
,,,,,,,,,,,,,,,,,,,,,,,,,,,,,,27.30,,9.119020,3.151029,0.000000
,,,,,,,,,,,,,,,,,,,,,,,,,,,,,,27.35,,9.119020,3.151029,0.000000
,,,,,,,,,,,,,,,,,,,,,,,,,,,,,,27.40,,9.119020,3.151029,0.000000
,,,,,,,,,,,,,,,,,,,,,,,,,,,,,,27.45,,9.119020,3.151029,0.000000
,,,,,,,,,,,,,,,,,,,,,,,,,,,,,,27.50,,9.119020,3.151029,0.000000
,,,,,,,,,,,,,,,,,,,,,,,,,,,,,,27.55,,9.119020,3.151029,0.000000
,,,,,,,,,,,,,,,,,,,,,,,,,,,,,,27.60,,8.455818,3.361098,0.372079
,,,,,,,,,,,,,,,,,,,,,,,,,,,,,,27.65,,8.455818,3.361098,0.372079
,,,,,,,,,,,,,,,,,,,,,,,,,,,,,,27.70,,8.124218,2.940961,0.000000
,,,,,,,,,,,,,,,,,,,,,,,,,,,,,,27.75,,8.124218,2.940961,0.000000
,,,,,,,,,,,,,,,,,,,,,,,,,,,,,,27.80,,8.124218,2.940961,0.000000
,,,,,,,,,,,,,,,,,,,,,,,,,,,,,,27.85,,8.124218,2.940961,0.000000
,,,,,,,,,,,,,,,,,,,,,,,,,,,,,,27.90,,7.461017,3.151029,0.000000
,,,,,,,,,,,,,,,,,,,,,,,,,,,,,,27.95,,7.461017,3.151029,0.000000
,,,,,,,,,,,,,,,,,,,,,,,,,,,,,,28.00,,7.461017,3.151029,0.000000
,,,,,,,,,,,,,,,,,,,,,,,,,,,,,,28.05,,7.461017,3.151029,0.000000
,,,,,,,,,,,,,,,,,,,,,,,,,,,,,,28.10,,7.461017,3.151029,0.000000
,,,,,,,,,,,,,,,,,,,,,,,,,,,,,,28.15,,7.461017,3.151029,0.000000
,,,,,,,,,,,,,,,,,,,,,,,,,,,,,,28.20,,7.461017,3.151029,0.000000
,,,,,,,,,,,,,,,,,,,,,,,,,,,,,,28.25,,7.461017,3.151029,0.000000
,,,,,,,,,,,,,,,,,,,,,,,,,,,,,,28.30,,7.461017,3.151029,0.000000
,,,,,,,,,,,,,,,,,,,,,,,,,,,,,,28.35,,7.461017,3.151029,0.000000
,,,,,,,,,,,,,,,,,,,,,,,,,,,,,,28.40,,7.461017,3.151029,0.000000
,,,,,,,,,,,,,,,,,,,,,,,,,,,,,,28.45,,7.461017,3.151029,0.000000
,,,,,,,,,,,,,,,,,,,,,,,,,,,,,,28.50,,7.461017,3.151029,0.000000
,,,,,,,,,,,,,,,,,,,,,,,,,,,,,,28.55,,7.461017,3.151029,0.000000
,,,,,,,,,,,,,,,,,,,,,,,,,,,,,,28.60,,7.461017,3.151029,0.000000
,,,,,,,,,,,,,,,,,,,,,,,,,,,,,,28.65,,7.461017,3.151029,0.000000
,,,,,,,,,,,,,,,,,,,,,,,,,,,,,,28.70,,7.461017,3.151029,0.000000
,,,,,,,,,,,,,,,,,,,,,,,,,,,,,,28.75,,7.461017,3.151029,0.000000
,,,,,,,,,,,,,,,,,,,,,,,,,,,,,,28.80,,7.461017,3.151029,0.000000
,,,,,,,,,,,,,,,,,,,,,,,,,,,,,,28.85,,7.461017,3.151029,0.000000
,,,,,,,,,,,,,,,,,,,,,,,,,,,,,,28.90,,7.461017,0.000000,0.000000
,,,,,,,,,,,,,,,,,,,,,,,,,,,,,,28.95,,7.461017,0.000000,0.000000
,,,,,,,,,,,,,,,,,,,,,,,,,,,,,,29.00,,7.461017,0.000000,0.000000
,,,,,,,,,,,,,,,,,,,,,,,,,,,,,,29.05,,7.461017,0.000000,0.000000
,,,,,,,,,,,,,,,,,,,,,,,,,,,,,,29.10,,7.461017,0.000000,0.000000
,,,,,,,,,,,,,,,,,,,,,,,,,,,,,,29.15,,7.461017,0.000000,0.000000
,,,,,,,,,,,,,,,,,,,,,,,,,,,,,,29.20,,7.461017,0.000000,0.000000
,,,,,,,,,,,,,,,,,,,,,,,,,,,,,,29.25,,7.461017,0.000000,0.000000
,,,,,,,,,,,,,,,,,,,,,,,,,,,,,,29.30,,7.461017,0.000000,0.000000
,,,,,,,,,,,,,,,,,,,,,,,,,,,,,,29.35,,7.461017,0.000000,0.000000
,,,,,,,,,,,,,,,,,,,,,,,,,,,,,,29.40,,7.461017,0.000000,0.000000
,,,,,,,,,,,,,,,,,,,,,,,,,,,,,,29.45,,7.461017,0.000000,0.000000
,,,,,,,,,,,,,,,,,,,,,,,,,,,,,,29.50,,7.461017,0.000000,0.000000
,,,,,,,,,,,,,,,,,,,,,,,,,,,,,,29.55,,7.461017,0.000000,0.000000
,,,,,,,,,,,,,,,,,,,,,,,,,,,,,,29.60,,7.461017,0.000000,0.000000
,,,,,,,,,,,,,,,,,,,,,,,,,,,,,,29.65,,7.461017,0.000000,0.000000
,,,,,,,,,,,,,,,,,,,,,,,,,,,,,,29.70,,7.461017,0.000000,0.000000
,,,,,,,,,,,,,,,,,,,,,,,,,,,,,,29.75,,7.461017,0.000000,0.000000
,,,,,,,,,,,,,,,,,,,,,,,,,,,,,,29.80,,7.461017,0.000000,0.000000
,,,,,,,,,,,,,,,,,,,,,,,,,,,,,,29.85,,7.461017,0.000000,0.000000
,,,,,,,,,,,,,,,,,,,,,,,,,,,,,,29.90,,7.461017,0.000000,0.000000
,,,,,,,,,,,,,,,,,,,,,,,,,,,,,,29.95,,7.461017,0.000000,0.000000
,,,,,,,,,,,,,,,,,,,,,,,,,,,,,,30.00,,7.461017,0.000000,0.000000
,,,,,,,,,,,,,,,,,,,,,,,,,,,,,,30.05,,7.461017,0.000000,0.000000
,,,,,,,,,,,,,,,,,,,,,,,,,,,,,,30.10,,7.461017,0.000000,0.000000
,,,,,,,,,,,,,,,,,,,,,,,,,,,,,,30.15,,7.461017,0.000000,0.000000
,,,,,,,,,,,,,,,,,,,,,,,,,,,,,,30.20,,7.461017,0.000000,0.000000
,,,,,,,,,,,,,,,,,,,,,,,,,,,,,,30.25,,7.461017,0.000000,0.000000
,,,,,,,,,,,,,,,,,,,,,,,,,,,,,,30.30,,7.461017,0.000000,0.000000
,,,,,,,,,,,,,,,,,,,,,,,,,,,,,,30.35,,7.461017,0.000000,0.000000
,,,,,,,,,,,,,,,,,,,,,,,,,,,,,,30.40,,7.461017,0.000000,0.000000
,,,,,,,,,,,,,,,,,,,,,,,,,,,,,,30.45,,7.461017,0.000000,0.000000
,,,,,,,,,,,,,,,,,,,,,,,,,,,,,,30.50,,7.461017,0.000000,0.000000
,,,,,,,,,,,,,,,,,,,,,,,,,,,,,,30.55,,7.461017,0.000000,0.000000
,,,,,,,,,,,,,,,,,,,,,,,,,,,,,,30.60,,7.461017,0.000000,0.000000
,,,,,,,,,,,,,,,,,,,,,,,,,,,,,,30.65,,7.461017,0.000000,0.000000
,,,,,,,,,,,,,,,,,,,,,,,,,,,,,,30.70,,7.461017,0.000000,0.000000
,,,,,,,,,,,,,,,,,,,,,,,,,,,,,,30.75,,7.461017,0.000000,0.000000
,,,,,,,,,,,,,,,,,,,,,,,,,,,,,,30.80,,6.963615,0.000000,0.000000
,,,,,,,,,,,,,,,,,,,,,,,,,,,,,,30.85,,6.963615,0.000000,0.000000
,,,,,,,,,,,,,,,,,,,,,,,,,,,,,,30.90,,6.963615,0.000000,0.000000
,,,,,,,,,,,,,,,,,,,,,,,,,,,,,,30.95,,6.963615,0.000000,0.000000
,,,,,,,,,,,,,,,,,,,,,,,,,,,,,,31.00,,6.300414,0.000000,0.000000
,,,,,,,,,,,,,,,,,,,,,,,,,,,,,,31.05,,6.300414,0.000000,0.000000
,,,,,,,,,,,,,,,,,,,,,,,,,,,,,,31.10,,6.300414,0.000000,0.000000
,,,,,,,,,,,,,,,,,,,,,,,,,,,,,,31.15,,6.300414,0.000000,0.000000
,,,,,,,,,,,,,,,,,,,,,,,,,,,,,,31.20,,5.637213,0.000000,0.000000
,,,,,,,,,,,,,,,,,,,,,,,,,,,,,,31.25,,5.637213,0.000000,0.000000
,,,,,,,,,,,,,,,,,,,,,,,,,,,,,,31.30,,6.300414,0.000000,0.000000
,,,,,,,,,,,,,,,,,,,,,,,,,,,,,,31.35,,6.300414,0.000000,0.000000
,,,,,,,,,,,,,,,,,,,,,,,,,,,,,,31.40,,5.637213,0.000000,0.000000
,,,,,,,,,,,,,,,,,,,,,,,,,,,,,,31.45,,5.637213,0.000000,0.000000
,,,,,,,,,,,,,,,,,,,,,,,,,,,,,,31.50,,5.637213,0.000000,0.000000
,,,,,,,,,,,,,,,,,,,,,,,,,,,,,,31.55,,5.637213,0.000000,0.000000
,,,,,,,,,,,,,,,,,,,,,,,,,,,,,,31.60,,5.637213,0.000000,0.000000
,,,,,,,,,,,,,,,,,,,,,,,,,,,,,,31.65,,5.637213,0.000000,0.000000
,,,,,,,,,,,,,,,,,,,,,,,,,,,,,,31.70,,5.637213,0.000000,0.000000
,,,,,,,,,,,,,,,,,,,,,,,,,,,,,,31.75,,5.637213,0.000000,0.000000
,,,,,,,,,,,,,,,,,,,,,,,,,,,,,,31.80,,5.637213,0.000000,0.000000
,,,,,,,,,,,,,,,,,,,,,,,,,,,,,,31.85,,5.637213,0.000000,0.000000
,,,,,,,,,,,,,,,,,,,,,,,,,,,,,,31.90,,5.637213,0.000000,0.000000
,,,,,,,,,,,,,,,,,,,,,,,,,,,,,,31.95,,5.637213,0.000000,0.000000
,,,,,,,,,,,,,,,,,,,,,,,,,,,,,,32.00,,5.637213,0.000000,0.000000
,,,,,,,,,,,,,,,,,,,,,,,,,,,,,,32.05,,5.637213,0.000000,0.000000
,,,,,,,,,,,,,,,,,,,,,,,,,,,,,,32.10,,5.637213,0.000000,0.000000
,,,,,,,,,,,,,,,,,,,,,,,,,,,,,,32.15,,5.637213,0.000000,0.000000
,,,,,,,,,,,,,,,,,,,,,,,,,,,,,,32.20,,4.974011,0.000000,0.000000
,,,,,,,,,,,,,,,,,,,,,,,,,,,,,,32.25,,4.974011,0.000000,0.000000
,,,,,,,,,,,,,,,,,,,,,,,,,,,,,,32.30,,5.637213,0.000000,0.000000
,,,,,,,,,,,,,,,,,,,,,,,,,,,,,,32.35,,5.637213,0.000000,0.000000
,,,,,,,,,,,,,,,,,,,,,,,,,,,,,,32.40,,4.808211,0.000000,1.488317
,,,,,,,,,,,,,,,,,,,,,,,,,,,,,,32.45,,4.808211,0.000000,1.488317
,,,,,,,,,,,,,,,,,,,,,,,,,,,,,,32.50,,5.471412,0.000000,1.116237
,,,,,,,,,,,,,,,,,,,,,,,,,,,,,,32.55,,5.471412,0.000000,1.116237
,,,,,,,,,,,,,,,,,,,,,,,,,,,,,,32.60,,5.471412,0.000000,1.116237
,,,,,,,,,,,,,,,,,,,,,,,,,,,,,,32.65,,5.471412,0.000000,1.116237
,,,,,,,,,,,,,,,,,,,,,,,,,,,,,,32.70,,4.808211,0.000000,1.488317
,,,,,,,,,,,,,,,,,,,,,,,,,,,,,,32.75,,4.808211,0.000000,1.488317
,,,,,,,,,,,,,,,,,,,,,,,,,,,,,,32.80,,4.808211,0.000000,1.488317
,,,,,,,,,,,,,,,,,,,,,,,,,,,,,,32.85,,4.808211,0.000000,1.488317
,,,,,,,,,,,,,,,,,,,,,,,,,,,,,,32.90,,4.808211,0.000000,1.488317
,,,,,,,,,,,,,,,,,,,,,,,,,,,,,,32.95,,4.808211,0.000000,1.488317
,,,,,,,,,,,,,,,,,,,,,,,,,,,,,,33.00,,4.145009,0.000000,1.860396
,,,,,,,,,,,,,,,,,,,,,,,,,,,,,,33.05,,4.145009,0.000000,1.860396
,,,,,,,,,,,,,,,,,,,,,,,,,,,,,,33.10,,4.145009,0.000000,1.860396
,,,,,,,,,,,,,,,,,,,,,,,,,,,,,,33.15,,4.145009,0.000000,1.860396
,,,,,,,,,,,,,,,,,,,,,,,,,,,,,,33.20,,3.647608,0.420137,0.744159
,,,,,,,,,,,,,,,,,,,,,,,,,,,,,,33.25,,3.647608,0.420137,0.744159
,,,,,,,,,,,,,,,,,,,,,,,,,,,,,,33.30,,3.647608,0.420137,0.744159
,,,,,,,,,,,,,,,,,,,,,,,,,,,,,,33.35,,3.647608,0.420137,0.744159
,,,,,,,,,,,,,,,,,,,,,,,,,,,,,,33.40,,3.150207,0.000000,1.488317
,,,,,,,,,,,,,,,,,,,,,,,,,,,,,,33.45,,3.150207,0.000000,1.488317
,,,,,,,,,,,,,,,,,,,,,,,,,,,,,,33.50,,3.150207,0.000000,1.488317
,,,,,,,,,,,,,,,,,,,,,,,,,,,,,,33.55,,3.150207,0.000000,1.488317
,,,,,,,,,,,,,,,,,,,,,,,,,,,,,,33.60,,2.652806,0.210069,0.372079
,,,,,,,,,,,,,,,,,,,,,,,,,,,,,,33.65,,2.652806,0.210069,0.372079
,,,,,,,,,,,,,,,,,,,,,,,,,,,,,,33.70,,1.989604,0.420137,0.744158
,,,,,,,,,,,,,,,,,,,,,,,,,,,,,,33.75,,1.989604,0.420137,0.744158
,,,,,,,,,,,,,,,,,,,,,,,,,,,,,,33.80,,1.326403,0.630206,1.116238
,,,,,,,,,,,,,,,,,,,,,,,,,,,,,,33.85,,1.326403,0.630206,1.116238
,,,,,,,,,,,,,,,,,,,,,,,,,,,,,,33.90,,1.326403,0.630206,1.116238
,,,,,,,,,,,,,,,,,,,,,,,,,,,,,,33.95,,1.326403,0.630206,1.116238
,,,,,,,,,,,,,,,,,,,,,,,,,,,,,,34.00,,0.331601,0.420137,0.744158
,,,,,,,,,,,,,,,,,,,,,,,,,,,,,,34.05,,0.331601,0.420137,0.744158
,,,,,,,,,,,,,,,,,,,,,,,,,,,,,,34.10,,0.331601,0.420137,0.744158
,,,,,,,,,,,,,,,,,,,,,,,,,,,,,,34.15,,0.331601,0.420137,0.744158
,,,,,,,,,,,,,,,,,,,,,,,,,,,,,,34.20,,0.331601,0.420137,0.744158
,,,,,,,,,,,,,,,,,,,,,,,,,,,,,,34.25,,0.331601,0.420137,0.744158
,,,,,,,,,,,,,,,,,,,,,,,,,,,,,,34.30,,0.000000,0.630206,1.116238
,,,,,,,,,,,,,,,,,,,,,,,,,,,,,,34.35,,0.000000,0.630206,1.116238
,,,,,,,,,,,,,,,,,,,,,,,,,,,,,,34.40,,0.000000,0.630206,1.116238
,,,,,,,,,,,,,,,,,,,,,,,,,,,,,,34.45,,0.000000,0.630206,1.116238
,,,,,,,,,,,,,,,,,,,,,,,,,,,,,,34.50,,0.000000,0.630206,1.116238
,,,,,,,,,,,,,,,,,,,,,,,,,,,,,,34.55,,0.000000,0.630206,1.116238
,,,,,,,,,,,,,,,,,,,,,,,,,,,,,,34.60,,0.000000,0.630206,1.116238
,,,,,,,,,,,,,,,,,,,,,,,,,,,,,,34.65,,0.000000,0.630206,1.116238
,,,,,,,,,,,,,,,,,,,,,,,,,,,,,,34.70,,0.000000,0.630206,1.116238
,,,,,,,,,,,,,,,,,,,,,,,,,,,,,,34.75,,0.000000,0.630206,1.116238
,,,,,,,,,,,,,,,,,,,,,,,,,,,,,,34.80,,0.000000,0.630206,1.116238
,,,,,,,,,,,,,,,,,,,,,,,,,,,,,,34.85,,0.000000,0.630206,1.116238
,,,,,,,,,,,,,,,,,,,,,,,,,,,,,,34.90,,0.000000,0.630206,1.116238
,,,,,,,,,,,,,,,,,,,,,,,,,,,,,,34.95,,0.000000,0.630206,1.116238
,,,,,,,,,,,,,,,,,,,,,,,,,,,,,,35.00,,0.000000,0.630206,1.116238
,,,,,,,,,,,,,,,,,,,,,,,,,,,,,,35.05,,0.000000,0.630206,1.116238
,,,,,,,,,,,,,,,,,,,,,,,,,,,,,,35.10,,0.000000,0.630206,1.116238
,,,,,,,,,,,,,,,,,,,,,,,,,,,,,,35.15,,0.000000,0.630206,1.116238
,,,,,,,,,,,,,,,,,,,,,,,,,,,,,,35.20,,0.000000,0.630206,1.116238
,,,,,,,,,,,,,,,,,,,,,,,,,,,,,,35.25,,0.000000,0.630206,1.116238
,,,,,,,,,,,,,,,,,,,,,,,,,,,,,,35.30,,0.000000,0.630206,1.116238
,,,,,,,,,,,,,,,,,,,,,,,,,,,,,,35.35,,0.000000,0.630206,1.116238
,,,,,,,,,,,,,,,,,,,,,,,,,,,,,,35.40,,0.000000,0.630206,1.116238
,,,,,,,,,,,,,,,,,,,,,,,,,,,,,,35.45,,0.000000,0.630206,1.116238
,,,,,,,,,,,,,,,,,,,,,,,,,,,,,,35.50,,0.000000,0.630206,1.116238
,,,,,,,,,,,,,,,,,,,,,,,,,,,,,,35.55,,0.000000,0.630206,1.116238
,,,,,,,,,,,,,,,,,,,,,,,,,,,,,,35.60,,0.000000,0.630206,1.116238
,,,,,,,,,,,,,,,,,,,,,,,,,,,,,,35.65,,0.000000,0.630206,1.116238
,,,,,,,,,,,,,,,,,,,,,,,,,,,,,,35.70,,0.000000,0.630206,1.116238
,,,,,,,,,,,,,,,,,,,,,,,,,,,,,,35.75,,0.000000,0.630206,1.116238
,,,,,,,,,,,,,,,,,,,,,,,,,,,,,,35.80,,0.000000,0.630206,1.116238
,,,,,,,,,,,,,,,,,,,,,,,,,,,,,,35.85,,0.000000,0.630206,1.116238
,,,,,,,,,,,,,,,,,,,,,,,,,,,,,,35.90,,0.000000,0.630206,1.116238
,,,,,,,,,,,,,,,,,,,,,,,,,,,,,,35.95,,0.000000,0.630206,1.116238
,,,,,,,,,,,,,,,,,,,,,,,,,,,,,,36.00,,0.000000,0.630206,1.116238
,,,,,,,,,,,,,,,,,,,,,,,,,,,,,,36.05,,0.000000,0.630206,1.116238
,,,,,,,,,,,,,,,,,,,,,,,,,,,,,,36.10,,0.000000,0.630206,1.116238
,,,,,,,,,,,,,,,,,,,,,,,,,,,,,,36.15,,0.000000,0.630206,1.116238
,,,,,,,,,,,,,,,,,,,,,,,,,,,,,,36.20,,0.000000,0.630206,1.116238
,,,,,,,,,,,,,,,,,,,,,,,,,,,,,,36.25,,0.000000,0.630206,1.116238
,,,,,,,,,,,,,,,,,,,,,,,,,,,,,,36.30,,0.000000,0.630206,1.116238
,,,,,,,,,,,,,,,,,,,,,,,,,,,,,,36.35,,0.000000,0.630206,1.116238
,,,,,,,,,,,,,,,,,,,,,,,,,,,,,,36.40,,0.331601,0.420137,0.744158
,,,,,,,,,,,,,,,,,,,,,,,,,,,,,,36.45,,0.331601,0.420137,0.744158
,,,,,,,,,,,,,,,,,,,,,,,,,,,,,,36.50,,2.155405,3.781235,4.837029
,,,,,,,,,,,,,,,,,,,,,,,,,,,,,,36.55,,2.155405,3.781235,4.837029
,,,,,,,,,,,,,,,,,,,,,,,,,,,,,,36.60,,4.808211,7.142333,7.069504
,,,,,,,,,,,,,,,,,,,,,,,,,,,,,,36.65,,4.808211,7.142333,7.069504
,,,,,,,,,,,,,,,,,,,,,,,,,,,,,,36.70,,7.958418,12.183980,17.859800
,,,,,,,,,,,,,,,,,,,,,,,,,,,,,,36.75,,7.958418,12.183980,17.859800
,,,,,,,,,,,,,,,,,,,,,,,,,,,,,,36.80,,9.782221,12.394047,16.371481
,,,,,,,,,,,,,,,,,,,,,,,,,,,,,,36.85,,9.782221,12.394047,16.371481
,,,,,,,,,,,,,,,,,,,,,,,,,,,,,,36.90,,2.818606,4.621510,6.325346
,,,,,,,,,,,,,,,,,,,,,,,,,,,,,,36.95,,2.818606,4.621510,6.325346
,,,,,,,,,,,,,,,,,,,,,,,,,,,,,,37.00,,1.326403,3.781235,2.976633
,,,,,,,,,,,,,,,,,,,,,,,,,,,,,,37.05,,1.326403,3.781235,2.976633
,,,,,,,,,,,,,,,,,,,,,,,,,,,,,,37.10,,2.155405,3.781235,4.837029
,,,,,,,,,,,,,,,,,,,,,,,,,,,,,,37.15,,2.155405,3.781235,4.837029
,,,,,,,,,,,,,,,,,,,,,,,,,,,,,,37.20,,2.487005,4.201372,5.581187
,,,,,,,,,,,,,,,,,,,,,,,,,,,,,,37.25,,2.487005,4.201372,5.581187
,,,,,,,,,,,,,,,,,,,,,,,,,,,,,,37.30,,1.989604,4.621510,4.464950
,,,,,,,,,,,,,,,,,,,,,,,,,,,,,,37.35,,1.989604,4.621510,4.464950
,,,,,,,,,,,,,,,,,,,,,,,,,,,,,,37.40,,1.989604,4.621510,4.464950
,,,,,,,,,,,,,,,,,,,,,,,,,,,,,,37.45,,1.989604,4.621510,4.464950
,,,,,,,,,,,,,,,,,,,,,,,,,,,,,,37.50,,1.989604,4.621510,4.464950
,,,,,,,,,,,,,,,,,,,,,,,,,,,,,,37.55,,1.989604,4.621510,4.464950
,,,,,,,,,,,,,,,,,,,,,,,,,,,,,,37.60,,1.989604,4.621510,4.464950
,,,,,,,,,,,,,,,,,,,,,,,,,,,,,,37.65,,1.989604,4.621510,4.464950
,,,,,,,,,,,,,,,,,,,,,,,,,,,,,,37.70,,1.989604,4.621510,4.464950
,,,,,,,,,,,,,,,,,,,,,,,,,,,,,,37.75,,1.989604,4.621510,4.464950
,,,,,,,,,,,,,,,,,,,,,,,,,,,,,,37.80,,1.989604,4.621510,4.464950
,,,,,,,,,,,,,,,,,,,,,,,,,,,,,,37.85,,1.989604,4.621510,4.464950
,,,,,,,,,,,,,,,,,,,,,,,,,,,,,,37.90,,2.652806,4.411440,4.092870
,,,,,,,,,,,,,,,,,,,,,,,,,,,,,,37.95,,2.652806,4.411440,4.092870
