Data Set 7:Time(s),Data Set 7:615 nm,Data Set 7:525 nm,Data Set 7:465 nm
0.00,12.269227,24.998163,36.835835
0.05,12.269227,24.998163,36.835835
0.10,12.600829,25.418303,37.579998
0.15,12.600829,25.418303,37.579998
0.20,12.103427,23.737753,36.463757
0.25,12.103427,23.737753,36.463757
0.30,2.155405,3.781235,4.837029
0.35,2.155405,3.781235,4.837029
0.40,7.626817,12.814185,18.976036
0.45,7.626817,12.814185,18.976036
0.50,10.113823,20.166588,30.138412
0.55,10.113823,20.166588,30.138412
0.60,9.616422,20.586723,29.022175
0.65,9.616422,20.586723,29.022175
0.70,7.295216,16.595419,14.511086
0.75,7.295216,16.595419,14.511086
0.80,1.492203,5.041647,7.069504
0.85,1.492203,5.041647,7.069504
0.90,0.663201,0.840274,1.488317
0.95,0.663201,0.840274,1.488317
1.00,0.165800,1.260412,0.372079
1.05,0.165800,1.260412,0.372079
1.10,0.331601,0.420137,0.744158
1.15,0.331601,0.420137,0.744158
1.20,0.000000,0.630206,1.116238
1.25,0.000000,0.630206,1.116238
1.30,0.000000,0.630206,1.116238
1.35,0.000000,0.630206,1.116238
1.40,0.000000,0.630206,1.116238
1.45,0.000000,0.630206,1.116238
1.50,0.000000,0.630206,1.116238
1.55,0.000000,0.630206,1.116238
1.60,0.000000,0.630206,1.116238
1.65,0.000000,0.630206,1.116238
1.70,0.000000,0.630206,1.116238
1.75,0.000000,0.630206,1.116238
1.80,0.000000,0.630206,1.116238
1.85,0.000000,0.630206,1.116238
1.90,0.000000,0.630206,1.116238
1.95,0.000000,0.630206,1.116238
2.00,0.000000,0.630206,1.116238
2.05,0.000000,0.630206,1.116238
2.10,0.000000,0.630206,1.116238
2.15,0.000000,0.630206,1.116238
2.20,0.000000,0.630206,1.116238
2.25,0.000000,0.630206,1.116238
2.30,0.000000,0.630206,1.116238
2.35,0.000000,0.630206,1.116238
2.40,0.000000,0.630206,1.116238
2.45,0.000000,0.630206,1.116238
2.50,0.000000,0.630206,1.116238
2.55,0.000000,0.630206,1.116238
2.60,0.000000,0.630206,1.116238
2.65,0.000000,0.630206,1.116238
2.70,0.000000,0.630206,1.116238
2.75,0.000000,0.630206,1.116238
2.80,0.000000,0.630206,1.116238
2.85,0.000000,0.630206,1.116238
2.90,0.000000,0.630206,1.116238
2.95,0.000000,0.630206,1.116238
3.00,0.000000,0.630206,1.116238
3.05,0.000000,0.630206,1.116238
3.10,0.000000,0.630206,1.116238
3.15,0.000000,0.630206,1.116238
3.20,0.000000,0.630206,1.116238
3.25,0.000000,0.630206,1.116238
3.30,0.000000,0.630206,1.116238
3.35,0.000000,0.630206,1.116238
3.40,0.000000,0.630206,1.116238
3.45,0.000000,0.630206,1.116238
3.50,0.000000,0.630206,1.116238
3.55,0.000000,0.630206,1.116238
3.60,0.000000,0.630206,1.116238
3.65,0.000000,0.630206,1.116238
3.70,0.000000,0.630206,1.116238
3.75,0.000000,0.630206,1.116238
3.80,0.000000,0.630206,1.116238
3.85,0.000000,0.630206,1.116238
3.90,0.000000,0.630206,1.116238
3.95,0.000000,0.630206,1.116238
4.00,0.000000,0.630206,1.116238
4.05,0.000000,0.630206,1.116238
4.10,0.000000,0.630206,1.116238
4.15,0.000000,0.630206,1.116238
4.20,0.000000,0.630206,1.116238
4.25,0.000000,0.630206,1.116238
4.30,0.000000,0.630206,1.116238
4.35,0.000000,0.630206,1.116238
4.40,0.000000,0.630206,1.116238
4.45,0.000000,0.630206,1.116238
4.50,0.000000,0.630206,1.116238
4.55,0.000000,0.630206,1.116238
4.60,0.000000,0.630206,1.116238
4.65,0.000000,0.630206,1.116238
4.70,0.000000,0.630206,1.116238
4.75,0.000000,0.630206,1.116238
4.80,0.165800,0.210069,2.232475
4.85,0.165800,0.210069,2.232475
4.90,0.165800,0.210069,2.232475
4.95,0.165800,0.210069,2.232475
5.00,0.165800,0.210069,2.232475
5.05,0.165800,0.210069,2.232475
5.10,0.000000,0.840274,3.348712
5.15,0.000000,0.840274,3.348712
5.20,0.000000,1.050343,1.860396
5.25,0.000000,1.050343,1.860396
5.30,0.000000,0.840274,3.348712
5.35,0.000000,0.840274,3.348712
5.40,0.000000,0.840274,3.348712
5.45,0.000000,0.840274,3.348712
5.50,0.000000,0.840274,3.348712
5.55,0.000000,0.840274,3.348712
5.60,0.000000,0.840274,3.348712
5.65,0.000000,0.840274,3.348712
5.70,0.000000,0.630206,4.837029
5.75,0.000000,0.630206,4.837029
5.80,0.000000,0.630206,4.837029
5.85,0.000000,0.630206,4.837029
5.90,0.000000,0.630206,4.837029
5.95,0.000000,0.630206,4.837029
6.00,0.000000,0.420137,6.325346
6.05,0.000000,0.420137,6.325346
6.10,0.000000,0.420137,6.325346
6.15,0.000000,0.420137,6.325346
6.20,0.000000,1.260412,5.953267
6.25,0.000000,1.260412,5.953267
6.30,0.000000,1.260412,5.953267
6.35,0.000000,1.260412,5.953267
6.40,0.000000,1.050343,7.441583
6.45,0.000000,1.050343,7.441583
6.50,0.000000,1.050343,7.441583
6.55,0.000000,1.050343,7.441583
6.60,0.000000,0.840274,8.929900
6.65,0.000000,0.840274,8.929900
6.70,0.000000,1.680549,8.557820
6.75,0.000000,1.680549,8.557820
6.80,0.000000,0.840274,8.929900
6.85,0.000000,0.840274,8.929900
6.90,0.000000,1.470480,10.046138
6.95,0.000000,1.470480,10.046138
7.00,0.000000,1.470480,10.046138
7.05,0.000000,1.470480,10.046138
7.10,0.000000,1.260412,11.534453
7.15,0.000000,1.260412,11.534453
7.20,0.000000,1.260412,11.534453
7.25,0.000000,1.260412,11.534453
7.30,0.000000,1.050343,11.162374
7.35,0.000000,1.050343,11.162374
7.40,0.000000,1.680549,12.278612
7.45,0.000000,1.680549,12.278612
7.50,0.000000,1.470480,13.766929
7.55,0.000000,1.470480,13.766929
7.60,0.000000,1.260412,15.255245
7.65,0.000000,1.260412,15.255245
7.70,0.000000,1.890618,16.371483
7.75,0.000000,1.890618,16.371483
7.80,0.000000,1.470480,17.487720
7.85,0.000000,1.470480,17.487720
7.90,0.000000,2.100686,18.603958
7.95,0.000000,2.100686,18.603958
8.00,0.000000,2.310755,22.696829
8.05,0.000000,2.310755,22.696829
8.10,0.000000,2.310755,22.696829
8.15,0.000000,2.310755,22.696829
8.20,0.000000,2.100686,22.324749
8.25,0.000000,2.100686,22.324749
8.30,0.000000,1.890618,23.813066
8.35,0.000000,1.890618,23.813066
8.40,0.000000,2.730892,23.440989
8.45,0.000000,2.730892,23.440989
8.50,0.000000,2.520823,24.929302
8.55,0.000000,2.520823,24.929302
8.60,0.000000,2.520823,24.929302
8.65,0.000000,2.520823,24.929302
8.70,0.000000,2.940961,25.673462
8.75,0.000000,2.940961,25.673462
8.80,0.000000,3.361098,28.278015
8.85,0.000000,3.361098,28.278015
8.90,0.000000,2.520823,28.650095
8.95,0.000000,2.520823,28.650095
9.00,0.000000,2.940961,29.394255
9.05,0.000000,2.940961,29.394255
9.10,0.000000,2.940961,29.394255
9.15,0.000000,2.940961,29.394255
9.20,0.000000,2.940961,29.394255
9.25,0.000000,2.940961,29.394255
9.30,0.000000,2.520823,30.510490
9.35,0.000000,2.520823,30.510490
9.40,0.000000,2.520823,30.510490
9.45,0.000000,2.520823,30.510490
9.50,0.000000,2.730892,29.022175
9.55,0.000000,2.730892,29.022175
9.60,0.000000,3.361098,30.138412
9.65,0.000000,3.361098,30.138412
9.70,0.000000,3.361098,30.138412
9.75,0.000000,3.361098,30.138412
9.80,0.000000,3.151029,29.766333
9.85,0.000000,3.151029,29.766333
9.90,0.000000,3.151029,29.766333
9.95,0.000000,3.151029,29.766333
10.00,0.000000,3.151029,29.766333
10.05,0.000000,3.151029,29.766333
10.10,0.000000,3.781235,30.882570
10.15,0.000000,3.781235,30.882570
10.20,0.000000,3.781235,30.882570
10.25,0.000000,3.781235,30.882570
10.30,0.000000,3.781235,30.882570
10.35,0.000000,3.781235,30.882570
10.40,0.000000,3.991304,29.394255
10.45,0.000000,3.991304,29.394255
10.50,0.000000,4.201372,31.626728
10.55,0.000000,4.201372,31.626728
10.60,0.000000,4.201372,31.626728
10.65,0.000000,4.201372,31.626728
10.70,0.000000,3.991304,33.115044
10.75,0.000000,3.991304,33.115044
10.80,0.000000,4.621509,32.370888
10.85,0.000000,4.621509,32.370888
10.90,0.000000,4.621509,32.370888
10.95,0.000000,4.621509,32.370888
11.00,0.000000,4.411440,33.859203
11.05,0.000000,4.411440,33.859203
11.10,0.000000,4.411440,33.859203
11.15,0.000000,4.411440,33.859203
11.20,0.000000,4.831578,34.603363
11.25,0.000000,4.831578,34.603363
11.30,0.000000,5.251715,37.207916
11.35,0.000000,5.251715,37.207916
11.40,0.000000,5.881921,38.324154
11.45,0.000000,5.881921,38.324154
11.50,0.000000,5.881921,42.044945
11.55,0.000000,5.881921,42.044945
11.60,0.000000,6.091990,40.556625
11.65,0.000000,6.091990,40.556625
11.70,0.000000,6.302058,39.068310
11.75,0.000000,6.302058,39.068310
11.80,0.000000,6.302058,39.068310
11.85,0.000000,6.302058,39.068310
11.90,0.000000,6.302058,39.068310
11.95,0.000000,6.302058,39.068310
12.00,0.000000,6.302058,39.068310
12.05,0.000000,6.302058,39.068310
12.10,0.000000,6.302058,39.068310
12.15,0.000000,6.302058,39.068310
12.20,0.000000,6.302058,39.068310
12.25,0.000000,6.302058,39.068310
12.30,0.000000,6.302058,39.068310
12.35,0.000000,6.302058,39.068310
12.40,0.000000,6.302058,39.068310
12.45,0.000000,6.302058,39.068310
12.50,0.000000,6.302058,39.068310
12.55,0.000000,6.302058,39.068310
12.60,0.000000,6.302058,39.068310
12.65,0.000000,6.302058,39.068310
12.70,0.000000,6.302058,39.068310
12.75,0.000000,6.302058,39.068310
12.80,0.000000,6.302058,39.068310
12.85,0.000000,6.302058,39.068310
12.90,0.000000,6.302058,39.068310
12.95,0.000000,6.302058,39.068310
13.00,0.000000,6.302058,39.068310
13.05,0.000000,6.302058,39.068310
13.10,0.000000,6.302058,39.068310
13.15,0.000000,6.302058,39.068310
13.20,0.000000,6.091990,40.556625
13.25,0.000000,6.091990,40.556625
13.30,0.000000,5.461783,39.440392
13.35,0.000000,5.461783,39.440392
13.40,0.000000,5.881921,38.324154
13.45,0.000000,5.881921,38.324154
13.50,0.000000,5.881921,38.324154
13.55,0.000000,5.881921,38.324154
13.60,0.000000,6.932264,42.044945
13.65,0.000000,6.932264,42.044945
13.70,0.000000,7.562469,41.300789
13.75,0.000000,7.562469,41.300789
13.80,0.000000,7.562469,39.440392
13.85,0.000000,7.562469,39.440392
13.90,0.000000,7.982607,40.184551
13.95,0.000000,7.982607,40.184551
14.00,0.000000,8.612813,41.300789
14.05,0.000000,8.612813,41.300789
14.10,0.000000,9.663156,39.440392
14.15,0.000000,9.663156,39.440392
14.20,0.000000,11.343705,42.417023
14.25,0.000000,11.343705,42.417023
14.30,0.000000,12.604116,42.789104
14.35,0.000000,12.604116,42.789104
14.40,0.000000,13.864529,43.161182
14.45,0.000000,13.864529,43.161182
14.50,0.000000,15.545076,42.417023
14.55,0.000000,15.545076,42.417023
14.60,0.000000,16.595419,44.277420
14.65,0.000000,16.595419,44.277420
14.70,0.000000,18.275969,43.533260
14.75,0.000000,18.275969,43.533260
14.80,0.000000,20.166588,45.021580
14.85,0.000000,20.166588,45.021580
14.90,0.000000,21.006861,44.649498
14.95,0.000000,21.006861,44.649498
15.00,0.000000,22.477341,43.533260
15.05,0.000000,22.477341,43.533260
15.10,0.000000,23.527683,45.393658
15.15,0.000000,23.527683,45.393658
15.20,0.000000,23.737753,43.905342
15.25,0.000000,23.737753,43.905342
15.30,0.000000,26.258575,46.509895
15.35,0.000000,26.258575,46.509895
15.40,0.000000,27.939125,45.765736
15.45,0.000000,27.939125,45.765736
15.50,0.000000,30.880085,45.393658
15.55,0.000000,30.880085,45.393658
15.60,0.000000,32.350563,46.137814
15.65,0.000000,32.350563,46.137814
15.70,0.000000,33.400909,46.137814
15.75,0.000000,33.400909,46.137814
15.80,0.000000,34.031116,47.254051
15.85,0.000000,34.031116,47.254051
15.90,0.000000,34.031116,47.254051
15.95,0.000000,34.031116,47.254051
16.00,0.000000,35.921734,45.021580
16.05,0.000000,35.921734,45.021580
16.10,0.000000,38.652622,46.137814
16.15,0.000000,38.652622,46.137814
16.20,0.000000,39.282829,45.393658
16.25,0.000000,39.282829,45.393658
16.30,0.000000,39.702965,42.417023
16.35,0.000000,39.702965,42.417023
16.40,0.000000,39.702965,42.417023
16.45,0.000000,39.702965,42.417023
16.50,0.000000,39.702965,42.417023
16.55,0.000000,39.702965,42.417023
16.60,0.000000,39.702965,42.417023
16.65,0.000000,39.702965,42.417023
16.70,0.000000,39.913036,40.928707
16.75,0.000000,39.913036,40.928707
16.80,0.000000,39.913036,40.928707
16.85,0.000000,39.913036,40.928707
16.90,0.000000,39.913036,40.928707
16.95,0.000000,39.913036,40.928707
17.00,0.000000,39.913036,40.928707
17.05,0.000000,39.913036,40.928707
17.10,0.000000,39.492897,38.324154
17.15,0.000000,39.492897,38.324154
17.20,0.000000,39.492897,38.324154
17.25,0.000000,39.492897,38.324154
17.30,0.000000,38.862694,37.207916
17.35,0.000000,38.862694,37.207916
17.40,0.000000,38.862694,37.207916
17.45,0.000000,38.862694,37.207916
17.50,0.000000,38.022419,28.278017
17.55,0.000000,38.022419,28.278017
17.60,4.310810,35.921734,11.534455
17.65,4.310810,35.921734,11.534455
17.70,7.295216,35.501595,10.790294
17.75,7.295216,35.501595,10.790294
17.80,18.901241,14.494733,7.069502
17.85,18.901241,14.494733,7.069502
17.90,19.067043,12.604116,5.581187
17.95,19.067043,12.604116,5.581187
18.00,19.232843,11.763843,5.953268
18.05,19.232843,11.763843,5.953268
18.10,19.232843,11.763843,5.953268
18.15,19.232843,11.763843,5.953268
18.20,19.232843,11.763843,5.953268
18.25,19.232843,11.763843,5.953268
18.30,19.232843,11.763843,5.953268
18.35,19.232843,11.763843,5.953268
18.40,19.232843,11.763843,5.953268
18.45,19.232843,11.763843,5.953268
18.50,19.232843,11.763843,5.953268
18.55,19.232843,11.763843,5.953268
18.60,19.232843,11.763843,5.953268
18.65,19.232843,11.763843,5.953268
18.70,19.398643,10.923567,6.325345
18.75,19.398643,10.923567,6.325345
18.80,19.398643,10.923567,6.325345
18.85,19.398643,10.923567,6.325345
18.90,19.398643,10.923567,6.325345
18.95,19.398643,10.923567,6.325345
19.00,19.398643,10.923567,6.325345
19.05,19.398643,10.923567,6.325345
19.10,19.398643,10.923567,6.325345
19.15,19.398643,10.923567,6.325345
19.20,19.398643,10.923567,6.325345
19.25,19.398643,10.923567,6.325345
19.30,19.564444,11.133636,4.837030
19.35,19.564444,11.133636,4.837030
19.40,19.564444,11.133636,4.837030
19.45,19.564444,11.133636,4.837030
19.50,19.398643,10.923567,6.325345
19.55,19.398643,10.923567,6.325345
19.60,19.398643,10.923567,6.325345
19.65,19.398643,10.923567,6.325345
19.70,19.564444,11.133636,4.837030
19.75,19.564444,11.133636,4.837030
19.80,19.564444,11.133636,4.837030
19.85,19.564444,11.133636,4.837030
19.90,18.901241,11.343704,5.209107
19.95,18.901241,11.343704,5.209107
20.00,18.901241,11.343704,5.209107
20.05,18.901241,11.343704,5.209107
20.10,18.901241,11.343704,5.209107
20.15,18.901241,11.343704,5.209107
20.20,19.564444,11.133636,4.837030
20.25,19.564444,11.133636,4.837030
20.30,19.564444,11.133636,4.837030
20.35,19.564444,11.133636,4.837030
20.40,17.906441,11.133636,4.837030
20.45,17.906441,11.133636,4.837030
20.50,17.409039,10.503430,5.581187
20.55,17.409039,10.503430,5.581187
20.60,17.409039,10.503430,5.581187
20.65,17.409039,10.503430,5.581187
20.70,17.077438,10.083294,4.837030
20.75,17.077438,10.083294,4.837030
20.80,16.580036,10.503430,3.720792
20.85,16.580036,10.503430,3.720792
20.90,16.745838,9.663156,4.092870
20.95,16.745838,9.663156,4.092870
21.00,16.082636,9.873224,4.464949
21.05,16.082636,9.873224,4.464949
21.10,15.253633,8.822881,4.464949
21.15,15.253633,8.822881,4.464949
21.20,15.253633,8.822881,4.464949
21.25,15.253633,8.822881,4.464949
21.30,14.258832,8.612813,4.092870
21.35,14.258832,8.612813,4.092870
21.40,14.258832,8.612813,4.092870
21.45,14.258832,8.612813,4.092870
21.50,13.927230,8.192676,3.348713
21.55,13.927230,8.192676,3.348713
21.60,14.093031,7.352401,3.720792
21.65,14.093031,7.352401,3.720792
21.70,12.932429,7.982607,2.976634
21.75,12.932429,7.982607,2.976634
21.80,12.103427,6.932264,2.976634
21.85,12.103427,6.932264,2.976634
21.90,11.108624,6.722195,2.604553
21.95,11.108624,6.722195,2.604553
22.00,10.777024,6.302058,1.860396
22.05,10.777024,6.302058,1.860396
22.10,9.616422,5.881921,2.976634
22.15,9.616422,5.881921,2.976634
22.20,10.279622,5.671852,2.604553
22.25,10.279622,5.671852,2.604553
22.30,8.621619,5.671852,2.604553
22.35,8.621619,5.671852,2.604553
22.40,8.953220,5.041647,1.488317
22.45,8.953220,5.041647,1.488317
22.50,8.290018,5.251715,1.860396
22.55,8.290018,5.251715,1.860396
22.60,7.295217,5.041647,1.488317
22.65,7.295217,5.041647,1.488317
22.70,7.626817,4.411440,0.372079
22.75,7.626817,4.411440,0.372079
22.80,7.792617,3.571167,0.744159
22.85,7.792617,3.571167,0.744159
22.90,7.792617,3.571167,0.744159
22.95,7.792617,3.571167,0.744159
23.00,7.792617,3.571167,0.744159
23.05,7.792617,3.571167,0.744159
23.10,7.792617,3.571167,0.744159
23.15,7.792617,3.571167,0.744159
23.20,7.792617,3.571167,0.744159
23.25,7.792617,3.571167,0.744159
23.30,8.455818,3.361098,0.372079
23.35,8.455818,3.361098,0.372079
23.40,8.953220,3.991304,0.000000
23.45,8.953220,3.991304,0.000000
23.50,9.450621,3.571167,0.744159
23.55,9.450621,3.571167,0.744159
23.60,9.450621,3.571167,0.744159
23.65,9.450621,3.571167,0.744159
23.70,11.274426,3.781235,0.000000
23.75,11.274426,3.781235,0.000000
23.80,11.274426,3.781235,0.000000
23.85,11.274426,3.781235,0.000000
23.90,11.606026,4.201372,0.000000
23.95,11.606026,4.201372,0.000000
24.00,11.606026,4.201372,0.000000
24.05,11.606026,4.201372,0.000000
24.10,13.264030,4.201372,0.000000
24.15,13.264030,4.201372,0.000000
24.20,13.927230,3.991304,0.000000
24.25,13.927230,3.991304,0.000000
24.30,13.927230,3.991304,0.000000
24.35,13.927230,3.991304,0.000000
24.40,13.761431,4.831578,0.000000
24.45,13.761431,4.831578,0.000000
24.50,14.424632,4.621509,0.000000
24.55,14.424632,4.621509,0.000000
24.60,14.922033,4.201372,0.000000
24.65,14.922033,4.201372,0.000000
24.70,14.922033,4.201372,0.000000
24.75,14.922033,4.201372,0.000000
24.80,15.585234,3.991304,0.000000
24.85,15.585234,3.991304,0.000000
24.90,15.419435,4.831578,0.000000
24.95,15.419435,4.831578,0.000000
25.00,17.077438,4.831578,0.000000
25.05,17.077438,4.831578,0.000000
25.10,18.901241,5.041647,0.000000
25.15,18.901241,5.041647,0.000000
25.20,19.398643,4.621509,0.000000
25.25,19.398643,4.621509,0.000000
25.30,19.398643,4.621509,0.000000
25.35,19.398643,4.621509,0.000000
25.40,18.735441,4.831578,0.000000
25.45,18.735441,4.831578,0.000000
25.50,19.398643,4.621509,0.000000
25.55,19.398643,4.621509,0.000000
25.60,20.725046,4.201372,0.000000
25.65,20.725046,4.201372,0.000000
25.70,20.725046,4.201372,0.000000
25.75,20.725046,4.201372,0.000000
25.80,20.061846,4.411440,0.000000
25.85,20.061846,4.411440,0.000000
25.90,18.403841,4.411440,0.000000
25.95,18.403841,4.411440,0.000000
26.00,18.072239,3.991304,0.000000
26.05,18.072239,3.991304,0.000000
26.10,16.745838,4.411440,0.000000
26.15,16.745838,4.411440,0.000000
26.20,15.253633,3.571166,0.000000
26.25,15.253633,3.571166,0.000000
26.30,13.927230,3.991304,0.000000
26.35,13.927230,3.991304,0.000000
26.40,12.932429,3.781235,0.000000
26.45,12.932429,3.781235,0.000000
26.50,12.269227,3.991304,0.000000
26.55,12.269227,3.991304,0.000000
26.60,11.937626,3.571166,0.000000
26.65,11.937626,3.571166,0.000000
26.70,11.937626,3.571166,0.000000
26.75,11.937626,3.571166,0.000000
26.80,11.274426,3.781235,0.000000
26.85,11.274426,3.781235,0.000000
26.90,10.777024,3.151029,0.000000
26.95,10.777024,3.151029,0.000000
27.00,10.113822,3.361098,0.372079
27.05,10.113822,3.361098,0.372079
27.10,9.782222,2.940961,0.000000
27.15,9.782222,2.940961,0.000000
27.20,9.119020,3.151029,0.000000
27.25,9.119020,3.151029,0.000000
27.30,9.119020,3.151029,0.000000
27.35,9.119020,3.151029,0.000000
27.40,9.119020,3.151029,0.000000
27.45,9.119020,3.151029,0.000000
27.50,9.119020,3.151029,0.000000
27.55,9.119020,3.151029,0.000000
27.60,8.455818,3.361098,0.372079
27.65,8.455818,3.361098,0.372079
27.70,8.124218,2.940961,0.000000
27.75,8.124218,2.940961,0.000000
27.80,8.124218,2.940961,0.000000
27.85,8.124218,2.940961,0.000000
27.90,7.461017,3.151029,0.000000
27.95,7.461017,3.151029,0.000000
28.00,7.461017,3.151029,0.000000
28.05,7.461017,3.151029,0.000000
28.10,7.461017,3.151029,0.000000
28.15,7.461017,3.151029,0.000000
28.20,7.461017,3.151029,0.000000
28.25,7.461017,3.151029,0.000000
28.30,7.461017,3.151029,0.000000
28.35,7.461017,3.151029,0.000000
28.40,7.461017,3.151029,0.000000
28.45,7.461017,3.151029,0.000000
28.50,7.461017,3.151029,0.000000
28.55,7.461017,3.151029,0.000000
28.60,7.461017,3.151029,0.000000
28.65,7.461017,3.151029,0.000000
28.70,7.461017,3.151029,0.000000
28.75,7.461017,3.151029,0.000000
28.80,7.461017,3.151029,0.000000
28.85,7.461017,3.151029,0.000000
28.90,7.461017,0.000000,0.000000
28.95,7.461017,0.000000,0.000000
29.00,7.461017,0.000000,0.000000
29.05,7.461017,0.000000,0.000000
29.10,7.461017,0.000000,0.000000
29.15,7.461017,0.000000,0.000000
29.20,7.461017,0.000000,0.000000
29.25,7.461017,0.000000,0.000000
29.30,7.461017,0.000000,0.000000
29.35,7.461017,0.000000,0.000000
29.40,7.461017,0.000000,0.000000
29.45,7.461017,0.000000,0.000000
29.50,7.461017,0.000000,0.000000
29.55,7.461017,0.000000,0.000000
29.60,7.461017,0.000000,0.000000
29.65,7.461017,0.000000,0.000000
29.70,7.461017,0.000000,0.000000
29.75,7.461017,0.000000,0.000000
29.80,7.461017,0.000000,0.000000
29.85,7.461017,0.000000,0.000000
29.90,7.461017,0.000000,0.000000
29.95,7.461017,0.000000,0.000000
30.00,7.461017,0.000000,0.000000
30.05,7.461017,0.000000,0.000000
30.10,7.461017,0.000000,0.000000
30.15,7.461017,0.000000,0.000000
30.20,7.461017,0.000000,0.000000
30.25,7.461017,0.000000,0.000000
30.30,7.461017,0.000000,0.000000
30.35,7.461017,0.000000,0.000000
30.40,7.461017,0.000000,0.000000
30.45,7.461017,0.000000,0.000000
30.50,7.461017,0.000000,0.000000
30.55,7.461017,0.000000,0.000000
30.60,7.461017,0.000000,0.000000
30.65,7.461017,0.000000,0.000000
30.70,7.461017,0.000000,0.000000
30.75,7.461017,0.000000,0.000000
30.80,6.963615,0.000000,0.000000
30.85,6.963615,0.000000,0.000000
30.90,6.963615,0.000000,0.000000
30.95,6.963615,0.000000,0.000000
31.00,6.300414,0.000000,0.000000
31.05,6.300414,0.000000,0.000000
31.10,6.300414,0.000000,0.000000
31.15,6.300414,0.000000,0.000000
31.20,5.637213,0.000000,0.000000
31.25,5.637213,0.000000,0.000000
31.30,6.300414,0.000000,0.000000
31.35,6.300414,0.000000,0.000000
31.40,5.637213,0.000000,0.000000
31.45,5.637213,0.000000,0.000000
31.50,5.637213,0.000000,0.000000
31.55,5.637213,0.000000,0.000000
31.60,5.637213,0.000000,0.000000
31.65,5.637213,0.000000,0.000000
31.70,5.637213,0.000000,0.000000
31.75,5.637213,0.000000,0.000000
31.80,5.637213,0.000000,0.000000
31.85,5.637213,0.000000,0.000000
31.90,5.637213,0.000000,0.000000
31.95,5.637213,0.000000,0.000000
32.00,5.637213,0.000000,0.000000
32.05,5.637213,0.000000,0.000000
32.10,5.637213,0.000000,0.000000
32.15,5.637213,0.000000,0.000000
32.20,4.974011,0.000000,0.000000
32.25,4.974011,0.000000,0.000000
32.30,5.637213,0.000000,0.000000
32.35,5.637213,0.000000,0.000000
32.40,4.808211,0.000000,1.488317
32.45,4.808211,0.000000,1.488317
32.50,5.471412,0.000000,1.116237
32.55,5.471412,0.000000,1.116237
32.60,5.471412,0.000000,1.116237
32.65,5.471412,0.000000,1.116237
32.70,4.808211,0.000000,1.488317
32.75,4.808211,0.000000,1.488317
32.80,4.808211,0.000000,1.488317
32.85,4.808211,0.000000,1.488317
32.90,4.808211,0.000000,1.488317
32.95,4.808211,0.000000,1.488317
33.00,4.145009,0.000000,1.860396
33.05,4.145009,0.000000,1.860396
33.10,4.145009,0.000000,1.860396
33.15,4.145009,0.000000,1.860396
33.20,3.647608,0.420137,0.744159
33.25,3.647608,0.420137,0.744159
33.30,3.647608,0.420137,0.744159
33.35,3.647608,0.420137,0.744159
33.40,3.150207,0.000000,1.488317
33.45,3.150207,0.000000,1.488317
33.50,3.150207,0.000000,1.488317
33.55,3.150207,0.000000,1.488317
33.60,2.652806,0.210069,0.372079
33.65,2.652806,0.210069,0.372079
33.70,1.989604,0.420137,0.744158
33.75,1.989604,0.420137,0.744158
33.80,1.326403,0.630206,1.116238
33.85,1.326403,0.630206,1.116238
33.90,1.326403,0.630206,1.116238
33.95,1.326403,0.630206,1.116238
34.00,0.331601,0.420137,0.744158
34.05,0.331601,0.420137,0.744158
34.10,0.331601,0.420137,0.744158
34.15,0.331601,0.420137,0.744158
34.20,0.331601,0.420137,0.744158
34.25,0.331601,0.420137,0.744158
34.30,0.000000,0.630206,1.116238
34.35,0.000000,0.630206,1.116238
34.40,0.000000,0.630206,1.116238
34.45,0.000000,0.630206,1.116238
34.50,0.000000,0.630206,1.116238
34.55,0.000000,0.630206,1.116238
34.60,0.000000,0.630206,1.116238
34.65,0.000000,0.630206,1.116238
34.70,0.000000,0.630206,1.116238
34.75,0.000000,0.630206,1.116238
34.80,0.000000,0.630206,1.116238
34.85,0.000000,0.630206,1.116238
34.90,0.000000,0.630206,1.116238
34.95,0.000000,0.630206,1.116238
35.00,0.000000,0.630206,1.116238
35.05,0.000000,0.630206,1.116238
35.10,0.000000,0.630206,1.116238
35.15,0.000000,0.630206,1.116238
35.20,0.000000,0.630206,1.116238
35.25,0.000000,0.630206,1.116238
35.30,0.000000,0.630206,1.116238
35.35,0.000000,0.630206,1.116238
35.40,0.000000,0.630206,1.116238
35.45,0.000000,0.630206,1.116238
35.50,0.000000,0.630206,1.116238
35.55,0.000000,0.630206,1.116238
35.60,0.000000,0.630206,1.116238
35.65,0.000000,0.630206,1.116238
35.70,0.000000,0.630206,1.116238
35.75,0.000000,0.630206,1.116238
35.80,0.000000,0.630206,1.116238
35.85,0.000000,0.630206,1.116238
35.90,0.000000,0.630206,1.116238
35.95,0.000000,0.630206,1.116238
36.00,0.000000,0.630206,1.116238
36.05,0.000000,0.630206,1.116238
36.10,0.000000,0.630206,1.116238
36.15,0.000000,0.630206,1.116238
36.20,0.000000,0.630206,1.116238
36.25,0.000000,0.630206,1.116238
36.30,0.000000,0.630206,1.116238
36.35,0.000000,0.630206,1.116238
36.40,0.331601,0.420137,0.744158
36.45,0.331601,0.420137,0.744158
36.50,2.155405,3.781235,4.837029
36.55,2.155405,3.781235,4.837029
36.60,4.808211,7.142333,7.069504
36.65,4.808211,7.142333,7.069504
36.70,7.958418,12.183980,17.859800
36.75,7.958418,12.183980,17.859800
36.80,9.782221,12.394047,16.371481
36.85,9.782221,12.394047,16.371481
36.90,2.818606,4.621510,6.325346
36.95,2.818606,4.621510,6.325346
37.00,1.326403,3.781235,2.976633
37.05,1.326403,3.781235,2.976633
37.10,2.155405,3.781235,4.837029
37.15,2.155405,3.781235,4.837029
37.20,2.487005,4.201372,5.581187
37.25,2.487005,4.201372,5.581187
37.30,1.989604,4.621510,4.464950
37.35,1.989604,4.621510,4.464950
37.40,1.989604,4.621510,4.464950
37.45,1.989604,4.621510,4.464950
37.50,1.989604,4.621510,4.464950
37.55,1.989604,4.621510,4.464950
37.60,1.989604,4.621510,4.464950
37.65,1.989604,4.621510,4.464950
37.70,1.989604,4.621510,4.464950
37.75,1.989604,4.621510,4.464950
37.80,1.989604,4.621510,4.464950
37.85,1.989604,4.621510,4.464950
37.90,2.652806,4.411440,4.092870
37.95,2.652806,4.411440,4.092870